id_leggo,id_autor_parlametria,id_ext,casa,id_autor,nome_autor,partido,uf,tipo_autor,casa_autor,tipo_generico,sigla_local,peso_total_documentos,num_documentos,is_important,bancada,tipo_acao,governismo,peso_politico
1dbe81661ce54b39de6507dabaa33349,1204472,2192263,camara,204472,José Medeiros,PODE,MT,Deputado,camara,Prop. Original / Apensada,CMADS,1,1,TRUE,governo,Proposição,6.702244811224038,0.156385
afb2c0b14ca5f287a443e576c1ae25a8,1204538,2194820,camara,204538,Paulo Bengtson,PTB,PA,Deputado,camara,Prop. Original / Apensada,CCP,1,1,FALSE,governo,Proposição,4.434598430074143,0.106534
6a38b246ad96596e6a94a33eba950454,1141470,2197956,camara,141470,José Guimarães,PT,CE,Deputado,camara,Prop. Original / Apensada,CMADS,1,1,TRUE,oposição,Proposição,-4.682513235690796,0.123442
6a38b246ad96596e6a94a33eba950454,1178873,2197956,camara,178873,Helder Salomão,PT,ES,Deputado,camara,Prop. Original / Apensada,CMADS,1,1,TRUE,oposição,Proposição,-6.577583260650009,0.392528
6a38b246ad96596e6a94a33eba950454,1178986,2197956,camara,178986,Nilto Tatto,PT,SP,Deputado,camara,Prop. Original / Apensada,CMADS,1,1,TRUE,oposição,Proposição,-7.04428740843443,0.0759877
6a38b246ad96596e6a94a33eba950454,1204352,2197956,camara,204352,Camilo Capiberibe,PSB,AP,Deputado,camara,Parecer,CMADS,1,1,TRUE,oposição,Outros,-2.0397873596633147,0.190394
6a38b246ad96596e6a94a33eba950454,173531,2197956,camara,73531,Ivan Valente,PSOL,SP,Deputado,camara,Prop. Original / Apensada,CMADS,0.125,1,TRUE,oposição,Proposição,-8.758899045135427,0.466379
6a38b246ad96596e6a94a33eba950454,174784,2197956,camara,74784,Luiza Erundina,PSOL,SP,Deputado,camara,Prop. Original / Apensada,CMADS,0.125,1,TRUE,oposição,Proposição,-2.5968772643222104,0.204613
6a38b246ad96596e6a94a33eba950454,176874,2197956,camara,76874,Marcelo Freixo,PSOL,RJ,Deputado,camara,Prop. Original / Apensada,CMADS,0.125,1,TRUE,oposição,Proposição,-6.618833899367319,0.186297
6a38b246ad96596e6a94a33eba950454,1134812,2197956,camara,134812,Edmilson Rodrigues,PSOL,PA,Deputado,camara,Prop. Original / Apensada,CMADS,0.125,1,TRUE,oposição,Proposição,-6.475673383390708,0.182547
6a38b246ad96596e6a94a33eba950454,1152605,2197956,camara,152605,Glauber Braga,PSOL,RJ,Deputado,camara,Prop. Original / Apensada,CMADS,0.125,1,TRUE,oposição,Proposição,-10,0.18716
6a38b246ad96596e6a94a33eba950454,1204407,2197956,camara,204407,Fernanda Melchionna,PSOL,RS,Deputado,camara,Prop. Original / Apensada,CMADS,0.125,1,TRUE,oposição,Proposição,-6.945186197235214,0.137988
6a38b246ad96596e6a94a33eba950454,1204464,2197956,camara,204464,Talíria Petrone,PSOL,RJ,Deputado,camara,Prop. Original / Apensada,CMADS,0.125,1,TRUE,oposição,Proposição,-9.280882638012695,0.118824
6a38b246ad96596e6a94a33eba950454,1204509,2197956,camara,204509,Áurea Carolina,PSOL,MG,Deputado,camara,Prop. Original / Apensada,CMADS,0.125,1,TRUE,oposição,Proposição,-8.703365880613536,0.067985
2d4c562a3fdb14ef5b0fbd4e1718ab21,1178873,2197974,camara,178873,Helder Salomão,PT,ES,Deputado,camara,Prop. Original / Apensada,CMADS,1,1,TRUE,oposição,Proposição,-6.577583260650009,0.392528
3f7eab720eb21413985b71742fa82228,173531,2198087,camara,73531,Ivan Valente,PSOL,SP,Deputado,camara,Prop. Original / Apensada,CMADS,0.125,1,TRUE,oposição,Proposição,-8.758899045135427,0.466379
3f7eab720eb21413985b71742fa82228,174784,2198087,camara,74784,Luiza Erundina,PSOL,SP,Deputado,camara,Prop. Original / Apensada,CMADS,0.125,1,TRUE,oposição,Proposição,-2.5968772643222104,0.204613
3f7eab720eb21413985b71742fa82228,176874,2198087,camara,76874,Marcelo Freixo,PSOL,RJ,Deputado,camara,Prop. Original / Apensada,CMADS,0.125,1,TRUE,oposição,Proposição,-6.618833899367319,0.186297
3f7eab720eb21413985b71742fa82228,1134812,2198087,camara,134812,Edmilson Rodrigues,PSOL,PA,Deputado,camara,Prop. Original / Apensada,CMADS,0.125,1,TRUE,oposição,Proposição,-6.475673383390708,0.182547
3f7eab720eb21413985b71742fa82228,1152605,2198087,camara,152605,Glauber Braga,PSOL,RJ,Deputado,camara,Prop. Original / Apensada,CMADS,0.125,1,TRUE,oposição,Proposição,-10,0.18716
3f7eab720eb21413985b71742fa82228,1204407,2198087,camara,204407,Fernanda Melchionna,PSOL,RS,Deputado,camara,Prop. Original / Apensada,CMADS,0.125,1,TRUE,oposição,Proposição,-6.945186197235214,0.137988
3f7eab720eb21413985b71742fa82228,1204464,2198087,camara,204464,Talíria Petrone,PSOL,RJ,Deputado,camara,Prop. Original / Apensada,CMADS,0.125,1,TRUE,oposição,Proposição,-9.280882638012695,0.118824
3f7eab720eb21413985b71742fa82228,1204509,2198087,camara,204509,Áurea Carolina,PSOL,MG,Deputado,camara,Prop. Original / Apensada,CMADS,0.125,1,TRUE,oposição,Proposição,-8.703365880613536,0.067985
234f33c2f5d2cd76d8dec24b3572a36d,1178986,2198142,camara,178986,Nilto Tatto,PT,SP,Deputado,camara,Prop. Original / Apensada,CMADS,1,1,TRUE,oposição,Proposição,-7.04428740843443,0.0759877
c7579353cc58eebc84297830213b2383,1141470,2198168,camara,141470,José Guimarães,PT,CE,Deputado,camara,Prop. Original / Apensada,CMADS,1,1,TRUE,oposição,Proposição,-4.682513235690796,0.123442
20aaae99e85511347544d52ca26928d6,1204495,2200572,camara,204495,Airton Faleiro,PT,PA,Deputado,camara,Prop. Original / Apensada,CCJC,2,2,TRUE,oposição,Proposição,-4.030542436796088,0.0812222
20aaae99e85511347544d52ca26928d6,1160511,2200572,camara,160511,Alessandro Molon,PSB,RJ,Deputado,camara,Prop. Original / Apensada,CCJC,1,1,TRUE,oposição,Proposição,-2.319632427878327,0.444478
20aaae99e85511347544d52ca26928d6,1204483,2200572,camara,204483,Vilson Da Fetaemg,PSB,MG,Deputado,camara,Prop. Original / Apensada,CCJC,1,1,TRUE,oposição,Proposição,-1.9297076206999346,0.047908
4c8eea5dbb0232a3b28c1cfc4464ffc5,1204495,2202983,camara,204495,Airton Faleiro,PT,PA,Deputado,camara,Prop. Original / Apensada,CCJC,1,1,TRUE,oposição,Proposição,-4.030542436796088,0.0812222
ca0402c3cf999f747dfafae362de9141,1204495,2203903,camara,204495,Airton Faleiro,PT,PA,Deputado,camara,Prop. Original / Apensada,CCJC,1,1,TRUE,oposição,Proposição,-4.030542436796088,0.0812222
1936af28823a0817e771380dfacce78d,1160575,2204564,camara,160575,Erika Kokay,PT,DF,Deputado,camara,Prop. Original / Apensada,CMADS,1,1,TRUE,oposição,Proposição,-4.8796638271854516,0.204777
787b90cdbc371525728eb762d5eef6b4,1160511,2205373,camara,160511,Alessandro Molon,PSB,RJ,Deputado,camara,Prop. Original / Apensada,CMADS,1,1,TRUE,oposição,Proposição,-2.319632427878327,0.444478
502981994eea39cc5219deed51de3b53,1204468,2205388,camara,204468,Joenia Wapichana,REDE,RR,Deputado,camara,Parecer,CMADS,3,3,TRUE,oposição,Outros,-1.5636470208392428,0.393445
502981994eea39cc5219deed51de3b53,173531,2205388,camara,73531,Ivan Valente,PSOL,SP,Deputado,camara,Prop. Original / Apensada,CMADS,1,1,TRUE,oposição,Proposição,-8.758899045135427,0.466379
502981994eea39cc5219deed51de3b53,174848,2205388,camara,74848,Jandira Feghali,PCdoB,RJ,Deputado,camara,Prop. Original / Apensada,CMADS,1,1,TRUE,oposição,Proposição,-1.574687625853926,0.547176
502981994eea39cc5219deed51de3b53,1141470,2205388,camara,141470,José Guimarães,PT,CE,Deputado,camara,Prop. Original / Apensada,CMADS,1,1,TRUE,oposição,Proposição,-4.682513235690796,0.123442
502981994eea39cc5219deed51de3b53,1160511,2205388,camara,160511,Alessandro Molon,PSB,RJ,Deputado,camara,Prop. Original / Apensada,CMADS,1,1,TRUE,oposição,Proposição,-2.319632427878327,0.444478
502981994eea39cc5219deed51de3b53,1204488,2205388,camara,204488,Célio Studart,PV,CE,Deputado,camara,Prop. Original / Apensada,CMADS,1,1,TRUE,governo,Proposição,-0.43727079680068215,0.132213
502981994eea39cc5219deed51de3b53,1204517,2205388,camara,204517,Zé Vitor,PL,MG,Deputado,camara,Voto em Separado,CMADS,1,1,TRUE,governo,Recurso,4.418477544709386,0
502981994eea39cc5219deed51de3b53,1204530,2205388,camara,204530,Rodrigo Agostinho,PSB,SP,Deputado,camara,Prop. Original / Apensada,CMADS,1,1,TRUE,oposição,Proposição,-0.6602588199704122,0.371306
502981994eea39cc5219deed51de3b53,174156,2205388,camara,74156,Leonardo Monteiro,PT,MG,Deputado,camara,Prop. Original / Apensada,CMADS,0.3333333333333333,1,TRUE,oposição,Proposição,-3.2071324900801743,0.41458
502981994eea39cc5219deed51de3b53,174400,2205388,camara,74400,Paulo Pimenta,PT,RS,Deputado,camara,Prop. Original / Apensada,CMADS,0.3333333333333333,1,TRUE,oposição,Proposição,-5.4065349040440065,0.414737
502981994eea39cc5219deed51de3b53,1178986,2205388,camara,178986,Nilto Tatto,PT,SP,Deputado,camara,Prop. Original / Apensada,CMADS,0.3333333333333333,1,TRUE,oposição,Proposição,-7.04428740843443,0.0759877
d86aa2eb6e79f844c0e3b9719c75a062,1204488,2205479,camara,204488,Célio Studart,PV,CE,Deputado,camara,Prop. Original / Apensada,CMADS,1,1,TRUE,governo,Proposição,-0.43727079680068215,0.132213
ec5b4e053246060881812586d25755ad,1141508,2205527,camara,141508,Mauro Nazif,PSB,RO,Deputado,camara,Prop. Original / Apensada,MESA,1,1,FALSE,oposição,Proposição,-1.1866029558478477,0.125984
ec5b4e053246060881812586d25755ad,1141508,2205527,camara,141508,Mauro Nazif,PSB,RO,Deputado,camara,Requerimento,CCP,1,1,FALSE,oposição,Proposição,-1.1866029558478477,0.125984
b04a0b2cba942b72902e03a7c1ff457c,1204530,2205541,camara,204530,Rodrigo Agostinho,PSB,SP,Deputado,camara,Prop. Original / Apensada,CMADS,1,1,TRUE,oposição,Proposição,-0.6602588199704122,0.371306
22aa18f33a3fff84340a32a1ad07b221,174848,2205754,camara,74848,Jandira Feghali,PCdoB,RJ,Deputado,camara,Prop. Original / Apensada,CMADS,1,1,TRUE,oposição,Proposição,-1.574687625853926,0.547176
558afde1d19415eca8b1cdae6e641693,174156,2205833,camara,74156,Leonardo Monteiro,PT,MG,Deputado,camara,Prop. Original / Apensada,CMADS,0.3333333333333333,1,TRUE,oposição,Proposição,-3.2071324900801743,0.41458
558afde1d19415eca8b1cdae6e641693,174400,2205833,camara,74400,Paulo Pimenta,PT,RS,Deputado,camara,Prop. Original / Apensada,CMADS,0.3333333333333333,1,TRUE,oposição,Proposição,-5.4065349040440065,0.414737
558afde1d19415eca8b1cdae6e641693,1178986,2205833,camara,178986,Nilto Tatto,PT,SP,Deputado,camara,Prop. Original / Apensada,CMADS,0.3333333333333333,1,TRUE,oposição,Proposição,-7.04428740843443,0.0759877
1a1991f77234dbae849873b31df0919d,1141470,2206105,camara,141470,José Guimarães,PT,CE,Deputado,camara,Prop. Original / Apensada,CMADS,1,1,TRUE,oposição,Proposição,-4.682513235690796,0.123442
967b8a10cd3d6916f3c4c1e79c169c30,1141470,2218177,camara,141470,José Guimarães,PT,CE,Deputado,camara,Prop. Original / Apensada,CCP,1,1,FALSE,oposição,Proposição,-4.682513235690796,0.123442
967b8a10cd3d6916f3c4c1e79c169c30,1141470,2218177,camara,141470,José Guimarães,PT,CE,Deputado,camara,Requerimento,CCP,1,1,FALSE,oposição,Proposição,-4.682513235690796,0.123442
a515a252e0c1b3ff6e301372ad6618d3,1160535,2218243,camara,160535,Marcon,PT,RS,Deputado,camara,Prop. Original / Apensada,CAPADR,1,1,TRUE,oposição,Proposição,-4.260818134154097,0.136621
91230886ffed18167c50e71962e393c0,1160535,2218244,camara,160535,Marcon,PT,RS,Deputado,camara,Prop. Original / Apensada,CAPADR,1,1,TRUE,oposição,Proposição,-4.260818134154097,0.136621
4ee4f8ef2d5c6158f551268de50b3e5c,1109429,2220973,camara,109429,Benes Leocádio,REPUBLICANOS,RN,Deputado,camara,Prop. Original / Apensada,CCJC,1,1,TRUE,governo,Proposição,4.871357872228785,0.135582
4ee4f8ef2d5c6158f551268de50b3e5c,1204463,2220973,camara,204463,Wladimir Garotinho,PSD,RJ,Deputado,camara,Parecer,CME,1,1,TRUE,governo,Outros,3.2044771653133974,0
d6f2efe0b9a93f4f74332a982a090e09,173531,2221765,camara,73531,Ivan Valente,PSOL,SP,Deputado,camara,Prop. Original / Apensada,CMADS,1,1,TRUE,oposição,Proposição,-8.758899045135427,0.466379
d6f2efe0b9a93f4f74332a982a090e09,1204393,2221765,camara,204393,Frei Anastacio Ribeiro,PT,PB,Deputado,camara,Parecer,CMADS,1,1,TRUE,oposição,Outros,-4.390957955735883,0.101086
713ca8ed8c3258690cad718b9544366e,1160531,2229142,camara,160531,Jhonatan De Jesus,REPUBLICANOS,RR,Deputado,camara,Requerimento,PLEN,1,1,TRUE,governo,Proposição,5.4000426958110115,0.312882
713ca8ed8c3258690cad718b9544366e,1204495,2229142,camara,204495,Airton Faleiro,PT,PA,Deputado,camara,Emenda,PLEN,1,1,TRUE,oposição,Proposição,-4.030542436796088,0.0812222
713ca8ed8c3258690cad718b9544366e,1204556,2229142,camara,204556,Marcelo Ramos,PL,AM,Deputado,camara,Parecer,PLEN,1,1,TRUE,governo,Outros,6.592294124359178,0.0885212
fe86593bbebdfc98a2af57e3b243b334,1204567,2231622,camara,204567,Raimundo Costa,PL,BA,Deputado,camara,Prop. Original / Apensada,CCP,1,1,FALSE,governo,Proposição,5.182029256797902,0.0521469
ea2f2a742e6a30b9ef3476eb883cee96,1204495,2231711,camara,204495,Airton Faleiro,PT,PA,Deputado,camara,Prop. Original / Apensada,CCP,1,1,FALSE,oposição,Proposição,-4.030542436796088,0.0812222
28a9ff8ecab1eed465c1d2355925ece4,174848,2236761,camara,74848,Jandira Feghali,PCdoB,RJ,Deputado,camara,Prop. Original / Apensada,CMADS,1,1,TRUE,oposição,Proposição,-1.574687625853926,0.547176
28a9ff8ecab1eed465c1d2355925ece4,1204407,2236761,camara,204407,Fernanda Melchionna,PSOL,RS,Deputado,camara,Prop. Original / Apensada,CMADS,1,1,TRUE,oposição,Proposição,-6.945186197235214,0.137988
28a9ff8ecab1eed465c1d2355925ece4,1204488,2236761,camara,204488,Célio Studart,PV,CE,Deputado,camara,Prop. Original / Apensada,CMADS,1,1,TRUE,governo,Proposição,-0.43727079680068215,0.132213
28a9ff8ecab1eed465c1d2355925ece4,1204530,2236761,camara,204530,Rodrigo Agostinho,PSB,SP,Deputado,camara,Prop. Original / Apensada,CMADS,1,1,TRUE,oposição,Proposição,-0.6602588199704122,0.371306
28a9ff8ecab1eed465c1d2355925ece4,1204534,2236761,camara,204534,Tabata Amaral,PDT,SP,Deputado,camara,Prop. Original / Apensada,CMADS,1,1,TRUE,oposição,Proposição,0.13268069538656846,0.0445929
04c04c3ee0b61e9f7a4564025c3f0b85,1204530,2236840,camara,204530,Rodrigo Agostinho,PSB,SP,Deputado,camara,Prop. Original / Apensada,CMADS,1,1,TRUE,oposição,Proposição,-0.6602588199704122,0.371306
7e43c009872e194c5b1221e32cc4aa20,1204534,2236893,camara,204534,Tabata Amaral,PDT,SP,Deputado,camara,Prop. Original / Apensada,CMADS,1,1,TRUE,oposição,Proposição,0.13268069538656846,0.0445929
7c60c15853aef3104b97293007c5d07e,1204407,2236932,camara,204407,Fernanda Melchionna,PSOL,RS,Deputado,camara,Prop. Original / Apensada,CMADS,1,1,TRUE,oposição,Proposição,-6.945186197235214,0.137988
01ea98edfa16ee97ada6ca6056a75f0a,1204488,2236958,camara,204488,Célio Studart,PV,CE,Deputado,camara,Prop. Original / Apensada,CMADS,1,1,TRUE,governo,Proposição,-0.43727079680068215,0.132213
a4a3f5be1fb8872820020a9167fe20a1,1141470,2237205,camara,141470,José Guimarães,PT,CE,Deputado,camara,Prop. Original / Apensada,CINDRA,1,1,TRUE,oposição,Proposição,-4.682513235690796,0.123442
a4a3f5be1fb8872820020a9167fe20a1,1204488,2237205,camara,204488,Célio Studart,PV,CE,Deputado,camara,Prop. Original / Apensada,CINDRA,1,1,TRUE,governo,Proposição,-0.43727079680068215,0.132213
a4a3f5be1fb8872820020a9167fe20a1,1204495,2237205,camara,204495,Airton Faleiro,PT,PA,Deputado,camara,Prop. Original / Apensada,CINDRA,0.5,1,TRUE,oposição,Proposição,-4.030542436796088,0.0812222
a4a3f5be1fb8872820020a9167fe20a1,1204555,2237205,camara,204555,José Ricardo,PT,AM,Deputado,camara,Prop. Original / Apensada,CINDRA,0.5,1,TRUE,oposição,Proposição,-5.055618652625956,0.102001
69ce86e60371e2a75e38223f04517519,1204495,2237358,camara,204495,Airton Faleiro,PT,PA,Deputado,camara,Prop. Original / Apensada,CINDRA,0.5,1,TRUE,oposição,Proposição,-4.030542436796088,0.0812222
69ce86e60371e2a75e38223f04517519,1204555,2237358,camara,204555,José Ricardo,PT,AM,Deputado,camara,Prop. Original / Apensada,CINDRA,0.5,1,TRUE,oposição,Proposição,-5.055618652625956,0.102001
ca11450eb2f242734de96fc04388dac1,1141470,2237825,camara,141470,José Guimarães,PT,CE,Deputado,camara,Prop. Original / Apensada,CINDRA,1,1,TRUE,oposição,Proposição,-4.682513235690796,0.123442
287f4852b0ce051c6783429ed4060dd8,1204495,2241699,camara,204495,Airton Faleiro,PT,PA,Deputado,camara,Prop. Original / Apensada,MESA,0.5,1,FALSE,oposição,Proposição,-4.030542436796088,0.0812222
287f4852b0ce051c6783429ed4060dd8,1204555,2241699,camara,204555,José Ricardo,PT,AM,Deputado,camara,Prop. Original / Apensada,MESA,0.5,1,FALSE,oposição,Proposição,-5.055618652625956,0.102001
274a7798ff43d2699b1b9c5d3b34ee9d,1160511,2250646,camara,160511,Alessandro Molon,PSB,RJ,Deputado,camara,Prop. Original / Apensada,MESA,1,1,FALSE,oposição,Proposição,-2.319632427878327,0.444478
e78aab05a10d710886691c8ff19f81e4,1204555,2250702,camara,204555,José Ricardo,PT,AM,Deputado,camara,Prop. Original / Apensada,MESA,1,1,FALSE,oposição,Proposição,-5.055618652625956,0.102001
529c280eae5cf7593df4bb05f40ca70d,1198197,2252052,camara,198197,Greyce Elias,AVANTE,MG,Deputado,camara,Prop. Original / Apensada,CCP,1,1,FALSE,governo,Proposição,4.363861072097388,NA
c3d2c81ea769ce4bdb8486ede6fdb663,1160511,2252113,camara,160511,Alessandro Molon,PSB,RJ,Deputado,camara,Prop. Original / Apensada,CCP,1,1,FALSE,oposição,Proposição,-2.319632427878327,0.444478
c3d2c81ea769ce4bdb8486ede6fdb663,1204534,2252113,camara,204534,Tabata Amaral,PDT,SP,Deputado,camara,Prop. Original / Apensada,CCP,1,1,FALSE,oposição,Proposição,0.13268069538656846,0.0445929
3c18b2407ec13aa8c0ff4290506b5822,1160511,2252159,camara,160511,Alessandro Molon,PSB,RJ,Deputado,camara,Prop. Original / Apensada,CCP,1,1,FALSE,oposição,Proposição,-2.319632427878327,0.444478
9c4bb6cced1e36a645164df0f3b6b1f2,1204468,2252619,camara,204468,Joenia Wapichana,REDE,RR,Deputado,camara,Prop. Original / Apensada,CAPADR,1,1,TRUE,oposição,Proposição,-1.5636470208392428,0.393445
9c4bb6cced1e36a645164df0f3b6b1f2,1132504,2252619,camara,132504,Enio Verri,PT,PR,Deputado,camara,Prop. Original / Apensada,CAPADR,0.3333333333333333,1,TRUE,oposição,Proposição,-5.737492048680034,0.105363
9c4bb6cced1e36a645164df0f3b6b1f2,1178970,2252619,camara,178970,João Daniel,PT,SE,Deputado,camara,Prop. Original / Apensada,CAPADR,0.3333333333333333,1,TRUE,oposição,Proposição,-4.6726245652190945,0.0891897
9c4bb6cced1e36a645164df0f3b6b1f2,1178986,2252619,camara,178986,Nilto Tatto,PT,SP,Deputado,camara,Prop. Original / Apensada,CAPADR,0.3333333333333333,1,TRUE,oposição,Proposição,-7.04428740843443,0.0759877
9c4bb6cced1e36a645164df0f3b6b1f2,173531,2252619,camara,73531,Ivan Valente,PSOL,SP,Deputado,camara,Requerimento,MESA,0.1111111111111111,1,FALSE,oposição,Proposição,-8.758899045135427,0.466379
9c4bb6cced1e36a645164df0f3b6b1f2,174784,2252619,camara,74784,Luiza Erundina,PSOL,SP,Deputado,camara,Requerimento,MESA,0.1111111111111111,1,FALSE,oposição,Proposição,-2.5968772643222104,0.204613
9c4bb6cced1e36a645164df0f3b6b1f2,176874,2252619,camara,76874,Marcelo Freixo,PSOL,RJ,Deputado,camara,Requerimento,MESA,0.1111111111111111,1,FALSE,oposição,Proposição,-6.618833899367319,0.186297
9c4bb6cced1e36a645164df0f3b6b1f2,1134812,2252619,camara,134812,Edmilson Rodrigues,PSOL,PA,Deputado,camara,Requerimento,MESA,0.1111111111111111,1,FALSE,oposição,Proposição,-6.475673383390708,0.182547
9c4bb6cced1e36a645164df0f3b6b1f2,1152605,2252619,camara,152605,Glauber Braga,PSOL,RJ,Deputado,camara,Requerimento,MESA,0.1111111111111111,1,FALSE,oposição,Proposição,-10,0.18716
9c4bb6cced1e36a645164df0f3b6b1f2,1204407,2252619,camara,204407,Fernanda Melchionna,PSOL,RS,Deputado,camara,Requerimento,MESA,0.1111111111111111,1,FALSE,oposição,Proposição,-6.945186197235214,0.137988
9c4bb6cced1e36a645164df0f3b6b1f2,1204509,2252619,camara,204509,Áurea Carolina,PSOL,MG,Deputado,camara,Requerimento,MESA,0.1111111111111111,1,FALSE,oposição,Proposição,-8.703365880613536,0.067985
9c4bb6cced1e36a645164df0f3b6b1f2,1204535,2252619,camara,204535,Sâmia Bomfim,PSOL,SP,Deputado,camara,Requerimento,MESA,0.1111111111111111,1,FALSE,oposição,Proposição,-5.2750668607101865,0.0888473
9c4bb6cced1e36a645164df0f3b6b1f2,1205548,2252619,camara,205548,David Miranda,PSOL,RJ,Deputado,camara,Requerimento,MESA,0.1111111111111111,1,FALSE,oposição,Proposição,-5.245995552196576,0.0785702
9c4bb6cced1e36a645164df0f3b6b1f2,173531,2252619,camara,73531,Ivan Valente,PSOL,SP,Deputado,camara,Prop. Original / Apensada,CAPADR,0.1,1,TRUE,oposição,Proposição,-8.758899045135427,0.466379
9c4bb6cced1e36a645164df0f3b6b1f2,174784,2252619,camara,74784,Luiza Erundina,PSOL,SP,Deputado,camara,Prop. Original / Apensada,CAPADR,0.1,1,TRUE,oposição,Proposição,-2.5968772643222104,0.204613
9c4bb6cced1e36a645164df0f3b6b1f2,176874,2252619,camara,76874,Marcelo Freixo,PSOL,RJ,Deputado,camara,Prop. Original / Apensada,CAPADR,0.1,1,TRUE,oposição,Proposição,-6.618833899367319,0.186297
9c4bb6cced1e36a645164df0f3b6b1f2,1134812,2252619,camara,134812,Edmilson Rodrigues,PSOL,PA,Deputado,camara,Prop. Original / Apensada,CAPADR,0.1,1,TRUE,oposição,Proposição,-6.475673383390708,0.182547
9c4bb6cced1e36a645164df0f3b6b1f2,1152605,2252619,camara,152605,Glauber Braga,PSOL,RJ,Deputado,camara,Prop. Original / Apensada,CAPADR,0.1,1,TRUE,oposição,Proposição,-10,0.18716
9c4bb6cced1e36a645164df0f3b6b1f2,1204407,2252619,camara,204407,Fernanda Melchionna,PSOL,RS,Deputado,camara,Prop. Original / Apensada,CAPADR,0.1,1,TRUE,oposição,Proposição,-6.945186197235214,0.137988
9c4bb6cced1e36a645164df0f3b6b1f2,1204464,2252619,camara,204464,Talíria Petrone,PSOL,RJ,Deputado,camara,Prop. Original / Apensada,CAPADR,0.1,1,TRUE,oposição,Proposição,-9.280882638012695,0.118824
9c4bb6cced1e36a645164df0f3b6b1f2,1204509,2252619,camara,204509,Áurea Carolina,PSOL,MG,Deputado,camara,Prop. Original / Apensada,CAPADR,0.1,1,TRUE,oposição,Proposição,-8.703365880613536,0.067985
9c4bb6cced1e36a645164df0f3b6b1f2,1204535,2252619,camara,204535,Sâmia Bomfim,PSOL,SP,Deputado,camara,Prop. Original / Apensada,CAPADR,0.1,1,TRUE,oposição,Proposição,-5.2750668607101865,0.0888473
9c4bb6cced1e36a645164df0f3b6b1f2,1205548,2252619,camara,205548,David Miranda,PSOL,RJ,Deputado,camara,Prop. Original / Apensada,CAPADR,0.1,1,TRUE,oposição,Proposição,-5.245995552196576,0.0785702
356d73e720dbbf019086505f783b6769,173531,2252799,camara,73531,Ivan Valente,PSOL,SP,Deputado,camara,Requerimento,MESA,0.1111111111111111,1,FALSE,oposição,Proposição,-8.758899045135427,0.466379
356d73e720dbbf019086505f783b6769,174784,2252799,camara,74784,Luiza Erundina,PSOL,SP,Deputado,camara,Requerimento,MESA,0.1111111111111111,1,FALSE,oposição,Proposição,-2.5968772643222104,0.204613
356d73e720dbbf019086505f783b6769,176874,2252799,camara,76874,Marcelo Freixo,PSOL,RJ,Deputado,camara,Requerimento,MESA,0.1111111111111111,1,FALSE,oposição,Proposição,-6.618833899367319,0.186297
356d73e720dbbf019086505f783b6769,1134812,2252799,camara,134812,Edmilson Rodrigues,PSOL,PA,Deputado,camara,Requerimento,MESA,0.1111111111111111,1,FALSE,oposição,Proposição,-6.475673383390708,0.182547
356d73e720dbbf019086505f783b6769,1152605,2252799,camara,152605,Glauber Braga,PSOL,RJ,Deputado,camara,Requerimento,MESA,0.1111111111111111,1,FALSE,oposição,Proposição,-10,0.18716
356d73e720dbbf019086505f783b6769,1204407,2252799,camara,204407,Fernanda Melchionna,PSOL,RS,Deputado,camara,Requerimento,MESA,0.1111111111111111,1,FALSE,oposição,Proposição,-6.945186197235214,0.137988
356d73e720dbbf019086505f783b6769,1204509,2252799,camara,204509,Áurea Carolina,PSOL,MG,Deputado,camara,Requerimento,MESA,0.1111111111111111,1,FALSE,oposição,Proposição,-8.703365880613536,0.067985
356d73e720dbbf019086505f783b6769,1204535,2252799,camara,204535,Sâmia Bomfim,PSOL,SP,Deputado,camara,Requerimento,MESA,0.1111111111111111,1,FALSE,oposição,Proposição,-5.2750668607101865,0.0888473
356d73e720dbbf019086505f783b6769,1205548,2252799,camara,205548,David Miranda,PSOL,RJ,Deputado,camara,Requerimento,MESA,0.1111111111111111,1,FALSE,oposição,Proposição,-5.245995552196576,0.0785702
356d73e720dbbf019086505f783b6769,173531,2252799,camara,73531,Ivan Valente,PSOL,SP,Deputado,camara,Prop. Original / Apensada,CAPADR,0.1,1,TRUE,oposição,Proposição,-8.758899045135427,0.466379
356d73e720dbbf019086505f783b6769,174784,2252799,camara,74784,Luiza Erundina,PSOL,SP,Deputado,camara,Prop. Original / Apensada,CAPADR,0.1,1,TRUE,oposição,Proposição,-2.5968772643222104,0.204613
356d73e720dbbf019086505f783b6769,176874,2252799,camara,76874,Marcelo Freixo,PSOL,RJ,Deputado,camara,Prop. Original / Apensada,CAPADR,0.1,1,TRUE,oposição,Proposição,-6.618833899367319,0.186297
356d73e720dbbf019086505f783b6769,1134812,2252799,camara,134812,Edmilson Rodrigues,PSOL,PA,Deputado,camara,Prop. Original / Apensada,CAPADR,0.1,1,TRUE,oposição,Proposição,-6.475673383390708,0.182547
356d73e720dbbf019086505f783b6769,1152605,2252799,camara,152605,Glauber Braga,PSOL,RJ,Deputado,camara,Prop. Original / Apensada,CAPADR,0.1,1,TRUE,oposição,Proposição,-10,0.18716
356d73e720dbbf019086505f783b6769,1204407,2252799,camara,204407,Fernanda Melchionna,PSOL,RS,Deputado,camara,Prop. Original / Apensada,CAPADR,0.1,1,TRUE,oposição,Proposição,-6.945186197235214,0.137988
356d73e720dbbf019086505f783b6769,1204464,2252799,camara,204464,Talíria Petrone,PSOL,RJ,Deputado,camara,Prop. Original / Apensada,CAPADR,0.1,1,TRUE,oposição,Proposição,-9.280882638012695,0.118824
356d73e720dbbf019086505f783b6769,1204509,2252799,camara,204509,Áurea Carolina,PSOL,MG,Deputado,camara,Prop. Original / Apensada,CAPADR,0.1,1,TRUE,oposição,Proposição,-8.703365880613536,0.067985
356d73e720dbbf019086505f783b6769,1204535,2252799,camara,204535,Sâmia Bomfim,PSOL,SP,Deputado,camara,Prop. Original / Apensada,CAPADR,0.1,1,TRUE,oposição,Proposição,-5.2750668607101865,0.0888473
356d73e720dbbf019086505f783b6769,1205548,2252799,camara,205548,David Miranda,PSOL,RJ,Deputado,camara,Prop. Original / Apensada,CAPADR,0.1,1,TRUE,oposição,Proposição,-5.245995552196576,0.0785702
330f394d2388250c763c3ab946fb4daf,1132504,2252883,camara,132504,Enio Verri,PT,PR,Deputado,camara,Prop. Original / Apensada,CAPADR,0.3333333333333333,1,TRUE,oposição,Proposição,-5.737492048680034,0.105363
330f394d2388250c763c3ab946fb4daf,1178970,2252883,camara,178970,João Daniel,PT,SE,Deputado,camara,Prop. Original / Apensada,CAPADR,0.3333333333333333,1,TRUE,oposição,Proposição,-4.6726245652190945,0.0891897
330f394d2388250c763c3ab946fb4daf,1178986,2252883,camara,178986,Nilto Tatto,PT,SP,Deputado,camara,Prop. Original / Apensada,CAPADR,0.3333333333333333,1,TRUE,oposição,Proposição,-7.04428740843443,0.0759877
d51394bb3a19ddf90e0a97d5505dce33,1204468,2253313,camara,204468,Joenia Wapichana,REDE,RR,Deputado,camara,Prop. Original / Apensada,CAPADR,1,1,TRUE,oposição,Proposição,-1.5636470208392428,0.393445
a175c8bda7e2631cc1e9736d566c123a,174160,2254012,camara,74160,Patrus Ananias,PT,MG,Deputado,camara,Prop. Original / Apensada,MESA,0.14285714285714285,1,FALSE,oposição,Proposição,-4.92974346526362,0.105135
a175c8bda7e2631cc1e9736d566c123a,1160535,2254012,camara,160535,Marcon,PT,RS,Deputado,camara,Prop. Original / Apensada,MESA,0.14285714285714285,1,FALSE,oposição,Proposição,-4.260818134154097,0.136621
a175c8bda7e2631cc1e9736d566c123a,1160610,2254012,camara,160610,Valmir Assunção,PT,BA,Deputado,camara,Prop. Original / Apensada,MESA,0.14285714285714285,1,FALSE,oposição,Proposição,-5.930164003005965,0.102927
a175c8bda7e2631cc1e9736d566c123a,1178970,2254012,camara,178970,João Daniel,PT,SE,Deputado,camara,Prop. Original / Apensada,MESA,0.14285714285714285,1,FALSE,oposição,Proposição,-4.6726245652190945,0.0891897
a175c8bda7e2631cc1e9736d566c123a,1178986,2254012,camara,178986,Nilto Tatto,PT,SP,Deputado,camara,Prop. Original / Apensada,MESA,0.14285714285714285,1,FALSE,oposição,Proposição,-7.04428740843443,0.0759877
a175c8bda7e2631cc1e9736d566c123a,1204370,2254012,camara,204370,Célio Moura,PT,TO,Deputado,camara,Prop. Original / Apensada,MESA,0.14285714285714285,1,FALSE,oposição,Proposição,-3.874477464223572,0.0645268
a175c8bda7e2631cc1e9736d566c123a,1204467,2254012,camara,204467,Professora Rosa Neide,PT,MT,Deputado,camara,Prop. Original / Apensada,MESA,0.14285714285714285,1,FALSE,oposição,Proposição,-5.281433300931113,0.0525915
e4aad2327720ccbf7c8250365a1b16ff,1162332,2256399,camara,162332,Luiz Nishimori,PL,PR,Deputado,camara,Prop. Original / Apensada,CCP,1,1,FALSE,governo,Proposição,6.0698975916550495,0.150603
e4aad2327720ccbf7c8250365a1b16ff,1141391,2256399,camara,141391,Arnaldo Jardim,CIDADANIA,SP,Deputado,camara,Requerimento,COAPP(SGM),0.2,1,FALSE,governo,Proposição,2.7108544801771917,0.229201
e4aad2327720ccbf7c8250365a1b16ff,1141422,2256399,camara,141422,Efraim Filho,DEM,PB,Deputado,camara,Requerimento,COAPP(SGM),0.2,1,FALSE,governo,Proposição,4.860196201490627,0.121449
e4aad2327720ccbf7c8250365a1b16ff,1160541,2256399,camara,160541,Arthur Lira,PP,AL,Deputado,camara,Requerimento,COAPP(SGM),0.2,1,FALSE,governo,Proposição,6.457892034422603,0.41205
e4aad2327720ccbf7c8250365a1b16ff,1204395,2256399,camara,204395,Pedro Lupion,DEM,PR,Deputado,camara,Requerimento,COAPP(SGM),0.2,1,FALSE,governo,Proposição,6.526836350298357,0.0875872
e4aad2327720ccbf7c8250365a1b16ff,1204398,2256399,camara,204398,Felipe Francischini,PSL,PR,Deputado,camara,Requerimento,COAPP(SGM),0.2,1,FALSE,governo,Proposição,5.963573016115596,0.295499
6451fa03d28215f7c2f0022958ce052a,1141470,2259427,camara,141470,José Guimarães,PT,CE,Deputado,camara,Prop. Original / Apensada,MESA,1,1,FALSE,oposição,Proposição,-4.682513235690796,0.123442
529f5b79017039276e19442b56fb302d,1141470,2259673,camara,141470,José Guimarães,PT,CE,Deputado,camara,Prop. Original / Apensada,MESA,1,1,FALSE,oposição,Proposição,-4.682513235690796,0.123442
91221c629c992a78527e99ad35f6f06b,1204415,2259680,camara,204415,Nereu Crispim,PSL,RS,Deputado,camara,Prop. Original / Apensada,MESA,1,1,FALSE,governo,Proposição,5.050990058390266,0
01c3291306586541b3164eaede8d2af1,174160,2259684,camara,74160,Patrus Ananias,PT,MG,Deputado,camara,Prop. Original / Apensada,MESA,0.125,1,FALSE,oposição,Proposição,-4.92974346526362,0.105135
01c3291306586541b3164eaede8d2af1,1160535,2259684,camara,160535,Marcon,PT,RS,Deputado,camara,Prop. Original / Apensada,MESA,0.125,1,FALSE,oposição,Proposição,-4.260818134154097,0.136621
01c3291306586541b3164eaede8d2af1,1160610,2259684,camara,160610,Valmir Assunção,PT,BA,Deputado,camara,Prop. Original / Apensada,MESA,0.125,1,FALSE,oposição,Proposição,-5.930164003005965,0.102927
01c3291306586541b3164eaede8d2af1,1178970,2259684,camara,178970,João Daniel,PT,SE,Deputado,camara,Prop. Original / Apensada,MESA,0.125,1,FALSE,oposição,Proposição,-4.6726245652190945,0.0891897
01c3291306586541b3164eaede8d2af1,1178986,2259684,camara,178986,Nilto Tatto,PT,SP,Deputado,camara,Prop. Original / Apensada,MESA,0.125,1,FALSE,oposição,Proposição,-7.04428740843443,0.0759877
01c3291306586541b3164eaede8d2af1,1204370,2259684,camara,204370,Célio Moura,PT,TO,Deputado,camara,Prop. Original / Apensada,MESA,0.125,1,FALSE,oposição,Proposição,-3.874477464223572,0.0645268
01c3291306586541b3164eaede8d2af1,1204393,2259684,camara,204393,Frei Anastacio Ribeiro,PT,PB,Deputado,camara,Prop. Original / Apensada,MESA,0.125,1,FALSE,oposição,Proposição,-4.390957955735883,0.101086
01c3291306586541b3164eaede8d2af1,1204495,2259684,camara,204495,Airton Faleiro,PT,PA,Deputado,camara,Prop. Original / Apensada,MESA,0.125,1,FALSE,oposição,Proposição,-4.030542436796088,0.0812222
ba0b849ce32b284a0a66635f6e9000c4,1160511,2259826,camara,160511,Alessandro Molon,PSB,RJ,Deputado,camara,Prop. Original / Apensada,MESA,1,1,FALSE,oposição,Proposição,-2.319632427878327,0.444478
aeb768986dc22309b70e545e159f21a1,1160655,2261195,camara,160655,Ricardo Izar,PP,SP,Deputado,camara,Prop. Original / Apensada,CCP,1,1,FALSE,governo,Proposição,3.14542802990867,0.110637
beb2f62ea67cd377a8f4cdb343d5377c,1160511,2262788,camara,160511,Alessandro Molon,PSB,RJ,Deputado,camara,Prop. Original / Apensada,MESA,1,1,FALSE,oposição,Proposição,-2.319632427878327,0.444478
eeb1b31085f6cb74ccf98f08691864e5,1178986,2263378,camara,178986,Nilto Tatto,PT,SP,Deputado,camara,Prop. Original / Apensada,CCP,1,1,FALSE,oposição,Proposição,-7.04428740843443,0.0759877
95a3ca957f9109c578c17f6a23a471e1,174848,2263448,camara,74848,Jandira Feghali,PCdoB,RJ,Deputado,camara,Requerimento,MESA,1.1111111111111112,3,FALSE,oposição,Proposição,-1.574687625853926,0.547176
95a3ca957f9109c578c17f6a23a471e1,1178986,2263448,camara,178986,Nilto Tatto,PT,SP,Deputado,camara,Prop. Original / Apensada,CCP,1,1,FALSE,oposição,Proposição,-7.04428740843443,0.0759877
95a3ca957f9109c578c17f6a23a471e1,173943,2263448,camara,73943,Perpétua Almeida,PCdoB,AC,Deputado,camara,Requerimento,MESA,0.5,1,FALSE,oposição,Proposição,-1.5449122492133949,0.172894
95a3ca957f9109c578c17f6a23a471e1,174057,2263448,camara,74057,Alice Portugal,PCdoB,BA,Deputado,camara,Requerimento,MESA,0.5,1,FALSE,oposição,Proposição,-2.2782736319933132,0.288455
95a3ca957f9109c578c17f6a23a471e1,173943,2263448,camara,73943,Perpétua Almeida,PCdoB,AC,Deputado,camara,Prop. Original / Apensada,CCP,0.3333333333333333,1,FALSE,oposição,Proposição,-1.5449122492133949,0.172894
95a3ca957f9109c578c17f6a23a471e1,174057,2263448,camara,74057,Alice Portugal,PCdoB,BA,Deputado,camara,Prop. Original / Apensada,CCP,0.3333333333333333,1,FALSE,oposição,Proposição,-2.2782736319933132,0.288455
95a3ca957f9109c578c17f6a23a471e1,174848,2263448,camara,74848,Jandira Feghali,PCdoB,RJ,Deputado,camara,Prop. Original / Apensada,CCP,0.3333333333333333,1,FALSE,oposição,Proposição,-1.574687625853926,0.547176
95a3ca957f9109c578c17f6a23a471e1,1204383,2263448,camara,204383,Professor Israel Batista,PV,DF,Deputado,camara,Prop. Original / Apensada,CCP,0.3333333333333333,1,FALSE,governo,Proposição,-0.4877330730596583,0.116009
95a3ca957f9109c578c17f6a23a471e1,1204467,2263448,camara,204467,Professora Rosa Neide,PT,MT,Deputado,camara,Prop. Original / Apensada,CCP,0.3333333333333333,1,FALSE,oposição,Proposição,-5.281433300931113,0.0525915
95a3ca957f9109c578c17f6a23a471e1,1204488,2263448,camara,204488,Célio Studart,PV,CE,Deputado,camara,Prop. Original / Apensada,CCP,0.3333333333333333,1,FALSE,governo,Proposição,-0.43727079680068215,0.132213
95a3ca957f9109c578c17f6a23a471e1,176874,2263448,camara,76874,Marcelo Freixo,PSOL,RJ,Deputado,camara,Requerimento,MESA,0.2222222222222222,2,FALSE,oposição,Proposição,-6.618833899367319,0.186297
95a3ca957f9109c578c17f6a23a471e1,173531,2263448,camara,73531,Ivan Valente,PSOL,SP,Deputado,camara,Requerimento,MESA,0.1111111111111111,1,FALSE,oposição,Proposição,-8.758899045135427,0.466379
95a3ca957f9109c578c17f6a23a471e1,173531,2263448,camara,73531,Ivan Valente,PSOL,SP,Deputado,camara,Requerimento,PLEN,0.1111111111111111,1,TRUE,oposição,Proposição,-8.758899045135427,0.466379
95a3ca957f9109c578c17f6a23a471e1,174784,2263448,camara,74784,Luiza Erundina,PSOL,SP,Deputado,camara,Requerimento,MESA,0.1111111111111111,1,FALSE,oposição,Proposição,-2.5968772643222104,0.204613
95a3ca957f9109c578c17f6a23a471e1,174784,2263448,camara,74784,Luiza Erundina,PSOL,SP,Deputado,camara,Requerimento,PLEN,0.1111111111111111,1,TRUE,oposição,Proposição,-2.5968772643222104,0.204613
95a3ca957f9109c578c17f6a23a471e1,176874,2263448,camara,76874,Marcelo Freixo,PSOL,RJ,Deputado,camara,Requerimento,PLEN,0.1111111111111111,1,TRUE,oposição,Proposição,-6.618833899367319,0.186297
95a3ca957f9109c578c17f6a23a471e1,1132504,2263448,camara,132504,Enio Verri,PT,PR,Deputado,camara,Requerimento,MESA,0.1111111111111111,1,FALSE,oposição,Proposição,-5.737492048680034,0.105363
95a3ca957f9109c578c17f6a23a471e1,1134812,2263448,camara,134812,Edmilson Rodrigues,PSOL,PA,Deputado,camara,Requerimento,MESA,0.1111111111111111,1,FALSE,oposição,Proposição,-6.475673383390708,0.182547
95a3ca957f9109c578c17f6a23a471e1,1134812,2263448,camara,134812,Edmilson Rodrigues,PSOL,PA,Deputado,camara,Requerimento,PLEN,0.1111111111111111,1,TRUE,oposição,Proposição,-6.475673383390708,0.182547
95a3ca957f9109c578c17f6a23a471e1,1141470,2263448,camara,141470,José Guimarães,PT,CE,Deputado,camara,Requerimento,MESA,0.1111111111111111,1,FALSE,oposição,Proposição,-4.682513235690796,0.123442
95a3ca957f9109c578c17f6a23a471e1,1141488,2263448,camara,141488,Paulo Teixeira,PT,SP,Deputado,camara,Requerimento,MESA,0.1111111111111111,1,FALSE,oposição,Proposição,-6.078977424139842,0.145517
95a3ca957f9109c578c17f6a23a471e1,1152605,2263448,camara,152605,Glauber Braga,PSOL,RJ,Deputado,camara,Requerimento,PLEN,0.1111111111111111,1,TRUE,oposição,Proposição,-10,0.18716
95a3ca957f9109c578c17f6a23a471e1,1157130,2263448,camara,157130,Túlio Gadêlha,PDT,PE,Deputado,camara,Requerimento,MESA,0.1111111111111111,1,FALSE,oposição,Proposição,-1.7347428588596117,0.0682329
95a3ca957f9109c578c17f6a23a471e1,1160508,2263448,camara,160508,Afonso Florence,PT,BA,Deputado,camara,Requerimento,MESA,0.1111111111111111,1,FALSE,oposição,Proposição,-6.62710699775109,0.0855445
95a3ca957f9109c578c17f6a23a471e1,1204407,2263448,camara,204407,Fernanda Melchionna,PSOL,RS,Deputado,camara,Requerimento,MESA,0.1111111111111111,1,FALSE,oposição,Proposição,-6.945186197235214,0.137988
95a3ca957f9109c578c17f6a23a471e1,1204407,2263448,camara,204407,Fernanda Melchionna,PSOL,RS,Deputado,camara,Requerimento,PLEN,0.1111111111111111,1,TRUE,oposição,Proposição,-6.945186197235214,0.137988
95a3ca957f9109c578c17f6a23a471e1,1204426,2263448,camara,204426,Carlos Veras,PT,PE,Deputado,camara,Requerimento,MESA,0.1111111111111111,1,FALSE,oposição,Proposição,-6.6381561454170885,0.0353039
95a3ca957f9109c578c17f6a23a471e1,1204429,2263448,camara,204429,João H. Campos,PSB,PE,Deputado,camara,Requerimento,MESA,0.1111111111111111,1,FALSE,oposição,Proposição,-1.8925427111262003,0.0805207
95a3ca957f9109c578c17f6a23a471e1,1204464,2263448,camara,204464,Talíria Petrone,PSOL,RJ,Deputado,camara,Requerimento,MESA,0.1111111111111111,1,FALSE,oposição,Proposição,-9.280882638012695,0.118824
95a3ca957f9109c578c17f6a23a471e1,1204464,2263448,camara,204464,Talíria Petrone,PSOL,RJ,Deputado,camara,Requerimento,PLEN,0.1111111111111111,1,TRUE,oposição,Proposição,-9.280882638012695,0.118824
95a3ca957f9109c578c17f6a23a471e1,1204509,2263448,camara,204509,Áurea Carolina,PSOL,MG,Deputado,camara,Requerimento,MESA,0.1111111111111111,1,FALSE,oposição,Proposição,-8.703365880613536,0.067985
95a3ca957f9109c578c17f6a23a471e1,1204535,2263448,camara,204535,Sâmia Bomfim,PSOL,SP,Deputado,camara,Requerimento,MESA,0.1111111111111111,1,FALSE,oposição,Proposição,-5.2750668607101865,0.0888473
95a3ca957f9109c578c17f6a23a471e1,1204535,2263448,camara,204535,Sâmia Bomfim,PSOL,SP,Deputado,camara,Requerimento,PLEN,0.1111111111111111,1,TRUE,oposição,Proposição,-5.2750668607101865,0.0888473
95a3ca957f9109c578c17f6a23a471e1,1205548,2263448,camara,205548,David Miranda,PSOL,RJ,Deputado,camara,Requerimento,MESA,0.1111111111111111,1,FALSE,oposição,Proposição,-5.245995552196576,0.0785702
95a3ca957f9109c578c17f6a23a471e1,1205548,2263448,camara,205548,David Miranda,PSOL,RJ,Deputado,camara,Requerimento,PLEN,0.1111111111111111,1,TRUE,oposição,Proposição,-5.245995552196576,0.0785702
95a3ca957f9109c578c17f6a23a471e1,173531,2263448,camara,73531,Ivan Valente,PSOL,SP,Deputado,camara,Prop. Original / Apensada,CCP,0.1,1,FALSE,oposição,Proposição,-8.758899045135427,0.466379
95a3ca957f9109c578c17f6a23a471e1,173943,2263448,camara,73943,Perpétua Almeida,PCdoB,AC,Deputado,camara,Requerimento,COAPP(SGM),0.1,1,FALSE,oposição,Proposição,-1.5449122492133949,0.172894
95a3ca957f9109c578c17f6a23a471e1,174439,2263448,camara,74439,Wolney Queiroz,PDT,PE,Deputado,camara,Requerimento,COAPP(SGM),0.1,1,FALSE,oposição,Proposição,-1.1459387203211886,0.183231
95a3ca957f9109c578c17f6a23a471e1,174784,2263448,camara,74784,Luiza Erundina,PSOL,SP,Deputado,camara,Prop. Original / Apensada,CCP,0.1,1,FALSE,oposição,Proposição,-2.5968772643222104,0.204613
95a3ca957f9109c578c17f6a23a471e1,176874,2263448,camara,76874,Marcelo Freixo,PSOL,RJ,Deputado,camara,Prop. Original / Apensada,CCP,0.1,1,FALSE,oposição,Proposição,-6.618833899367319,0.186297
95a3ca957f9109c578c17f6a23a471e1,1132504,2263448,camara,132504,Enio Verri,PT,PR,Deputado,camara,Requerimento,COAPP(SGM),0.1,1,FALSE,oposição,Proposição,-5.737492048680034,0.105363
95a3ca957f9109c578c17f6a23a471e1,1134812,2263448,camara,134812,Edmilson Rodrigues,PSOL,PA,Deputado,camara,Prop. Original / Apensada,CCP,0.1,1,FALSE,oposição,Proposição,-6.475673383390708,0.182547
95a3ca957f9109c578c17f6a23a471e1,1152605,2263448,camara,152605,Glauber Braga,PSOL,RJ,Deputado,camara,Prop. Original / Apensada,CCP,0.1,1,FALSE,oposição,Proposição,-10,0.18716
95a3ca957f9109c578c17f6a23a471e1,1160511,2263448,camara,160511,Alessandro Molon,PSB,RJ,Deputado,camara,Requerimento,COAPP(SGM),0.1,1,FALSE,oposição,Proposição,-2.319632427878327,0.444478
95a3ca957f9109c578c17f6a23a471e1,1160535,2263448,camara,160535,Marcon,PT,RS,Deputado,camara,Requerimento,COAPP(SGM),0.1,1,FALSE,oposição,Proposição,-4.260818134154097,0.136621
95a3ca957f9109c578c17f6a23a471e1,1160541,2263448,camara,160541,Arthur Lira,PP,AL,Deputado,camara,Requerimento,COAPP(SGM),0.1,1,FALSE,governo,Proposição,6.457892034422603,0.41205
95a3ca957f9109c578c17f6a23a471e1,1160575,2263448,camara,160575,Erika Kokay,PT,DF,Deputado,camara,Requerimento,COAPP(SGM),0.1,1,FALSE,oposição,Proposição,-4.8796638271854516,0.204777
95a3ca957f9109c578c17f6a23a471e1,1178986,2263448,camara,178986,Nilto Tatto,PT,SP,Deputado,camara,Requerimento,COAPP(SGM),0.1,1,FALSE,oposição,Proposição,-7.04428740843443,0.0759877
95a3ca957f9109c578c17f6a23a471e1,1204407,2263448,camara,204407,Fernanda Melchionna,PSOL,RS,Deputado,camara,Prop. Original / Apensada,CCP,0.1,1,FALSE,oposição,Proposição,-6.945186197235214,0.137988
95a3ca957f9109c578c17f6a23a471e1,1204464,2263448,camara,204464,Talíria Petrone,PSOL,RJ,Deputado,camara,Prop. Original / Apensada,CCP,0.1,1,FALSE,oposição,Proposição,-9.280882638012695,0.118824
95a3ca957f9109c578c17f6a23a471e1,1204509,2263448,camara,204509,Áurea Carolina,PSOL,MG,Deputado,camara,Prop. Original / Apensada,CCP,0.1,1,FALSE,oposição,Proposição,-8.703365880613536,0.067985
95a3ca957f9109c578c17f6a23a471e1,1204535,2263448,camara,204535,Sâmia Bomfim,PSOL,SP,Deputado,camara,Prop. Original / Apensada,CCP,0.1,1,FALSE,oposição,Proposição,-5.2750668607101865,0.0888473
95a3ca957f9109c578c17f6a23a471e1,1204535,2263448,camara,204535,Sâmia Bomfim,PSOL,SP,Deputado,camara,Requerimento,COAPP(SGM),0.1,1,FALSE,oposição,Proposição,-5.2750668607101865,0.0888473
95a3ca957f9109c578c17f6a23a471e1,1205548,2263448,camara,205548,David Miranda,PSOL,RJ,Deputado,camara,Prop. Original / Apensada,CCP,0.1,1,FALSE,oposição,Proposição,-5.245995552196576,0.0785702
95a3ca957f9109c578c17f6a23a471e1,1209189,2263448,camara,209189,Joseildo Ramos,PT,BA,Deputado,camara,Requerimento,COAPP(SGM),0.1,1,FALSE,oposição,Proposição,-5.523206699725306,0.106264
6d4bd96c8a8dffe066718503d82ec4a0,174848,2263453,camara,74848,Jandira Feghali,PCdoB,RJ,Deputado,camara,Requerimento,MESA,0.1111111111111111,1,FALSE,oposição,Proposição,-1.574687625853926,0.547176
6d4bd96c8a8dffe066718503d82ec4a0,176874,2263453,camara,76874,Marcelo Freixo,PSOL,RJ,Deputado,camara,Requerimento,MESA,0.1111111111111111,1,FALSE,oposição,Proposição,-6.618833899367319,0.186297
6d4bd96c8a8dffe066718503d82ec4a0,1132504,2263453,camara,132504,Enio Verri,PT,PR,Deputado,camara,Requerimento,MESA,0.1111111111111111,1,FALSE,oposição,Proposição,-5.737492048680034,0.105363
6d4bd96c8a8dffe066718503d82ec4a0,1141470,2263453,camara,141470,José Guimarães,PT,CE,Deputado,camara,Requerimento,MESA,0.1111111111111111,1,FALSE,oposição,Proposição,-4.682513235690796,0.123442
6d4bd96c8a8dffe066718503d82ec4a0,1141488,2263453,camara,141488,Paulo Teixeira,PT,SP,Deputado,camara,Requerimento,MESA,0.1111111111111111,1,FALSE,oposição,Proposição,-6.078977424139842,0.145517
6d4bd96c8a8dffe066718503d82ec4a0,1157130,2263453,camara,157130,Túlio Gadêlha,PDT,PE,Deputado,camara,Requerimento,MESA,0.1111111111111111,1,FALSE,oposição,Proposição,-1.7347428588596117,0.0682329
6d4bd96c8a8dffe066718503d82ec4a0,1160508,2263453,camara,160508,Afonso Florence,PT,BA,Deputado,camara,Requerimento,MESA,0.1111111111111111,1,FALSE,oposição,Proposição,-6.62710699775109,0.0855445
6d4bd96c8a8dffe066718503d82ec4a0,1204426,2263453,camara,204426,Carlos Veras,PT,PE,Deputado,camara,Requerimento,MESA,0.1111111111111111,1,FALSE,oposição,Proposição,-6.6381561454170885,0.0353039
6d4bd96c8a8dffe066718503d82ec4a0,1204429,2263453,camara,204429,João H. Campos,PSB,PE,Deputado,camara,Requerimento,MESA,0.1111111111111111,1,FALSE,oposição,Proposição,-1.8925427111262003,0.0805207
f9ac0741cab86990c55e18dc7e39b779,174848,2263461,camara,74848,Jandira Feghali,PCdoB,RJ,Deputado,camara,Requerimento,MESA,1,2,FALSE,oposição,Proposição,-1.574687625853926,0.547176
f9ac0741cab86990c55e18dc7e39b779,173943,2263461,camara,73943,Perpétua Almeida,PCdoB,AC,Deputado,camara,Requerimento,MESA,0.5,1,FALSE,oposição,Proposição,-1.5449122492133949,0.172894
f9ac0741cab86990c55e18dc7e39b779,174057,2263461,camara,74057,Alice Portugal,PCdoB,BA,Deputado,camara,Requerimento,MESA,0.5,1,FALSE,oposição,Proposição,-2.2782736319933132,0.288455
f9ac0741cab86990c55e18dc7e39b779,173943,2263461,camara,73943,Perpétua Almeida,PCdoB,AC,Deputado,camara,Prop. Original / Apensada,CCP,0.3333333333333333,1,FALSE,oposição,Proposição,-1.5449122492133949,0.172894
f9ac0741cab86990c55e18dc7e39b779,174057,2263461,camara,74057,Alice Portugal,PCdoB,BA,Deputado,camara,Prop. Original / Apensada,CCP,0.3333333333333333,1,FALSE,oposição,Proposição,-2.2782736319933132,0.288455
f9ac0741cab86990c55e18dc7e39b779,174848,2263461,camara,74848,Jandira Feghali,PCdoB,RJ,Deputado,camara,Prop. Original / Apensada,CCP,0.3333333333333333,1,FALSE,oposição,Proposição,-1.574687625853926,0.547176
ac53697f4326dbc437b7e5047c3f666b,173531,2263463,camara,73531,Ivan Valente,PSOL,SP,Deputado,camara,Requerimento,MESA,0.1111111111111111,1,FALSE,oposição,Proposição,-8.758899045135427,0.466379
ac53697f4326dbc437b7e5047c3f666b,173531,2263463,camara,73531,Ivan Valente,PSOL,SP,Deputado,camara,Requerimento,PLEN,0.1111111111111111,1,TRUE,oposição,Proposição,-8.758899045135427,0.466379
ac53697f4326dbc437b7e5047c3f666b,174784,2263463,camara,74784,Luiza Erundina,PSOL,SP,Deputado,camara,Requerimento,MESA,0.1111111111111111,1,FALSE,oposição,Proposição,-2.5968772643222104,0.204613
ac53697f4326dbc437b7e5047c3f666b,174784,2263463,camara,74784,Luiza Erundina,PSOL,SP,Deputado,camara,Requerimento,PLEN,0.1111111111111111,1,TRUE,oposição,Proposição,-2.5968772643222104,0.204613
ac53697f4326dbc437b7e5047c3f666b,176874,2263463,camara,76874,Marcelo Freixo,PSOL,RJ,Deputado,camara,Requerimento,MESA,0.1111111111111111,1,FALSE,oposição,Proposição,-6.618833899367319,0.186297
ac53697f4326dbc437b7e5047c3f666b,176874,2263463,camara,76874,Marcelo Freixo,PSOL,RJ,Deputado,camara,Requerimento,PLEN,0.1111111111111111,1,TRUE,oposição,Proposição,-6.618833899367319,0.186297
ac53697f4326dbc437b7e5047c3f666b,1134812,2263463,camara,134812,Edmilson Rodrigues,PSOL,PA,Deputado,camara,Requerimento,MESA,0.1111111111111111,1,FALSE,oposição,Proposição,-6.475673383390708,0.182547
ac53697f4326dbc437b7e5047c3f666b,1134812,2263463,camara,134812,Edmilson Rodrigues,PSOL,PA,Deputado,camara,Requerimento,PLEN,0.1111111111111111,1,TRUE,oposição,Proposição,-6.475673383390708,0.182547
ac53697f4326dbc437b7e5047c3f666b,1152605,2263463,camara,152605,Glauber Braga,PSOL,RJ,Deputado,camara,Requerimento,PLEN,0.1111111111111111,1,TRUE,oposição,Proposição,-10,0.18716
ac53697f4326dbc437b7e5047c3f666b,1204407,2263463,camara,204407,Fernanda Melchionna,PSOL,RS,Deputado,camara,Requerimento,MESA,0.1111111111111111,1,FALSE,oposição,Proposição,-6.945186197235214,0.137988
ac53697f4326dbc437b7e5047c3f666b,1204407,2263463,camara,204407,Fernanda Melchionna,PSOL,RS,Deputado,camara,Requerimento,PLEN,0.1111111111111111,1,TRUE,oposição,Proposição,-6.945186197235214,0.137988
ac53697f4326dbc437b7e5047c3f666b,1204464,2263463,camara,204464,Talíria Petrone,PSOL,RJ,Deputado,camara,Requerimento,MESA,0.1111111111111111,1,FALSE,oposição,Proposição,-9.280882638012695,0.118824
ac53697f4326dbc437b7e5047c3f666b,1204464,2263463,camara,204464,Talíria Petrone,PSOL,RJ,Deputado,camara,Requerimento,PLEN,0.1111111111111111,1,TRUE,oposição,Proposição,-9.280882638012695,0.118824
ac53697f4326dbc437b7e5047c3f666b,1204509,2263463,camara,204509,Áurea Carolina,PSOL,MG,Deputado,camara,Requerimento,MESA,0.1111111111111111,1,FALSE,oposição,Proposição,-8.703365880613536,0.067985
ac53697f4326dbc437b7e5047c3f666b,1204535,2263463,camara,204535,Sâmia Bomfim,PSOL,SP,Deputado,camara,Requerimento,MESA,0.1111111111111111,1,FALSE,oposição,Proposição,-5.2750668607101865,0.0888473
ac53697f4326dbc437b7e5047c3f666b,1204535,2263463,camara,204535,Sâmia Bomfim,PSOL,SP,Deputado,camara,Requerimento,PLEN,0.1111111111111111,1,TRUE,oposição,Proposição,-5.2750668607101865,0.0888473
ac53697f4326dbc437b7e5047c3f666b,1205548,2263463,camara,205548,David Miranda,PSOL,RJ,Deputado,camara,Requerimento,MESA,0.1111111111111111,1,FALSE,oposição,Proposição,-5.245995552196576,0.0785702
ac53697f4326dbc437b7e5047c3f666b,1205548,2263463,camara,205548,David Miranda,PSOL,RJ,Deputado,camara,Requerimento,PLEN,0.1111111111111111,1,TRUE,oposição,Proposição,-5.245995552196576,0.0785702
ac53697f4326dbc437b7e5047c3f666b,173531,2263463,camara,73531,Ivan Valente,PSOL,SP,Deputado,camara,Prop. Original / Apensada,CCP,0.1,1,FALSE,oposição,Proposição,-8.758899045135427,0.466379
ac53697f4326dbc437b7e5047c3f666b,174784,2263463,camara,74784,Luiza Erundina,PSOL,SP,Deputado,camara,Prop. Original / Apensada,CCP,0.1,1,FALSE,oposição,Proposição,-2.5968772643222104,0.204613
ac53697f4326dbc437b7e5047c3f666b,176874,2263463,camara,76874,Marcelo Freixo,PSOL,RJ,Deputado,camara,Prop. Original / Apensada,CCP,0.1,1,FALSE,oposição,Proposição,-6.618833899367319,0.186297
ac53697f4326dbc437b7e5047c3f666b,1134812,2263463,camara,134812,Edmilson Rodrigues,PSOL,PA,Deputado,camara,Prop. Original / Apensada,CCP,0.1,1,FALSE,oposição,Proposição,-6.475673383390708,0.182547
ac53697f4326dbc437b7e5047c3f666b,1152605,2263463,camara,152605,Glauber Braga,PSOL,RJ,Deputado,camara,Prop. Original / Apensada,CCP,0.1,1,FALSE,oposição,Proposição,-10,0.18716
ac53697f4326dbc437b7e5047c3f666b,1204407,2263463,camara,204407,Fernanda Melchionna,PSOL,RS,Deputado,camara,Prop. Original / Apensada,CCP,0.1,1,FALSE,oposição,Proposição,-6.945186197235214,0.137988
ac53697f4326dbc437b7e5047c3f666b,1204464,2263463,camara,204464,Talíria Petrone,PSOL,RJ,Deputado,camara,Prop. Original / Apensada,CCP,0.1,1,FALSE,oposição,Proposição,-9.280882638012695,0.118824
ac53697f4326dbc437b7e5047c3f666b,1204509,2263463,camara,204509,Áurea Carolina,PSOL,MG,Deputado,camara,Prop. Original / Apensada,CCP,0.1,1,FALSE,oposição,Proposição,-8.703365880613536,0.067985
ac53697f4326dbc437b7e5047c3f666b,1204535,2263463,camara,204535,Sâmia Bomfim,PSOL,SP,Deputado,camara,Prop. Original / Apensada,CCP,0.1,1,FALSE,oposição,Proposição,-5.2750668607101865,0.0888473
ac53697f4326dbc437b7e5047c3f666b,1205548,2263463,camara,205548,David Miranda,PSOL,RJ,Deputado,camara,Prop. Original / Apensada,CCP,0.1,1,FALSE,oposição,Proposição,-5.245995552196576,0.0785702
2c17f65918903db5527e3438f65218f2,1141470,2263588,camara,141470,José Guimarães,PT,CE,Deputado,camara,Prop. Original / Apensada,MESA,1,1,FALSE,oposição,Proposição,-4.682513235690796,0.123442
9739dc68f513d3b8a87475f959f2346d,1204383,2263589,camara,204383,Professor Israel Batista,PV,DF,Deputado,camara,Prop. Original / Apensada,CCP,0.3333333333333333,1,FALSE,governo,Proposição,-0.4877330730596583,0.116009
9739dc68f513d3b8a87475f959f2346d,1204467,2263589,camara,204467,Professora Rosa Neide,PT,MT,Deputado,camara,Prop. Original / Apensada,CCP,0.3333333333333333,1,FALSE,oposição,Proposição,-5.281433300931113,0.0525915
9739dc68f513d3b8a87475f959f2346d,1204488,2263589,camara,204488,Célio Studart,PV,CE,Deputado,camara,Prop. Original / Apensada,CCP,0.3333333333333333,1,FALSE,governo,Proposição,-0.43727079680068215,0.132213
f02ad43ae0a52cbb1ee67d53495d6ca9,1178986,2263619,camara,178986,Nilto Tatto,PT,SP,Deputado,camara,Prop. Original / Apensada,CCP,1,1,FALSE,oposição,Proposição,-7.04428740843443,0.0759877
b6f8ea6fded600805318c386a51d2c72,1204468,2263650,camara,204468,Joenia Wapichana,REDE,RR,Deputado,camara,Prop. Original / Apensada,MESA,1,1,FALSE,oposição,Proposição,-1.5636470208392428,0.393445
f384236c5aaab0662af3fa08076c3069,1133439,2263735,camara,133439,André Figueiredo,PDT,CE,Deputado,camara,Prop. Original / Apensada,MESA,1,1,FALSE,oposição,Proposição,-1.083594880064748,0.428693
f5c69f40da5fbc0034542cd58d106732,1160511,2266103,camara,160511,Alessandro Molon,PSB,RJ,Deputado,camara,Prop. Original / Apensada,SECAP(SGM),1,1,FALSE,oposição,Proposição,-2.319632427878327,0.444478
de1feaba6ef76577fb80a7cbc7aa452f,1204530,2266284,camara,204530,Rodrigo Agostinho,PSB,SP,Deputado,camara,Prop. Original / Apensada,SECAP(SGM),1,1,FALSE,oposição,Proposição,-0.6602588199704122,0.371306
40f6bd930b777bfe979231fc48dded07,173531,2266316,camara,73531,Ivan Valente,PSOL,SP,Deputado,camara,Prop. Original / Apensada,SECAP(SGM),0.1,1,FALSE,oposição,Proposição,-8.758899045135427,0.466379
40f6bd930b777bfe979231fc48dded07,174784,2266316,camara,74784,Luiza Erundina,PSOL,SP,Deputado,camara,Prop. Original / Apensada,SECAP(SGM),0.1,1,FALSE,oposição,Proposição,-2.5968772643222104,0.204613
40f6bd930b777bfe979231fc48dded07,176874,2266316,camara,76874,Marcelo Freixo,PSOL,RJ,Deputado,camara,Prop. Original / Apensada,SECAP(SGM),0.1,1,FALSE,oposição,Proposição,-6.618833899367319,0.186297
40f6bd930b777bfe979231fc48dded07,1134812,2266316,camara,134812,Edmilson Rodrigues,PSOL,PA,Deputado,camara,Prop. Original / Apensada,SECAP(SGM),0.1,1,FALSE,oposição,Proposição,-6.475673383390708,0.182547
40f6bd930b777bfe979231fc48dded07,1152605,2266316,camara,152605,Glauber Braga,PSOL,RJ,Deputado,camara,Prop. Original / Apensada,SECAP(SGM),0.1,1,FALSE,oposição,Proposição,-10,0.18716
40f6bd930b777bfe979231fc48dded07,1204407,2266316,camara,204407,Fernanda Melchionna,PSOL,RS,Deputado,camara,Prop. Original / Apensada,SECAP(SGM),0.1,1,FALSE,oposição,Proposição,-6.945186197235214,0.137988
40f6bd930b777bfe979231fc48dded07,1204464,2266316,camara,204464,Talíria Petrone,PSOL,RJ,Deputado,camara,Prop. Original / Apensada,SECAP(SGM),0.1,1,FALSE,oposição,Proposição,-9.280882638012695,0.118824
40f6bd930b777bfe979231fc48dded07,1204509,2266316,camara,204509,Áurea Carolina,PSOL,MG,Deputado,camara,Prop. Original / Apensada,SECAP(SGM),0.1,1,FALSE,oposição,Proposição,-8.703365880613536,0.067985
40f6bd930b777bfe979231fc48dded07,1204535,2266316,camara,204535,Sâmia Bomfim,PSOL,SP,Deputado,camara,Prop. Original / Apensada,SECAP(SGM),0.1,1,FALSE,oposição,Proposição,-5.2750668607101865,0.0888473
40f6bd930b777bfe979231fc48dded07,1205548,2266316,camara,205548,David Miranda,PSOL,RJ,Deputado,camara,Prop. Original / Apensada,SECAP(SGM),0.1,1,FALSE,oposição,Proposição,-5.245995552196576,0.0785702
6ca119cd90139946049c113136bef565,25535,135165,senado,5535,Telmário Mota,PROS,RR,senador,senado,Outros,CDH,1,1,TRUE,governo,Outros,5.796449784529576,0.330264
6ca119cd90139946049c113136bef565,26027,135165,senado,6027,Mecias de Jesus,REPUBLICANOS,RR,senador,senado,Prop. Original / Apensada,Plenário,1,1,TRUE,governo,Proposição,-0.251642281927257,0.643145
ec75a878c8970556016a4e31e2345057,25535,135175,senado,5535,Telmário Mota,PROS,RR,senador,senado,Outros,CDH,2,2,TRUE,governo,Outros,5.796449784529576,0.330264
ec75a878c8970556016a4e31e2345057,25535,135175,senado,5535,Telmário Mota,PROS,RR,senador,senado,Parecer,Plenário,1,1,TRUE,governo,Outros,5.796449784529576,0.330264
ec75a878c8970556016a4e31e2345057,26027,135175,senado,6027,Mecias de Jesus,REPUBLICANOS,RR,senador,senado,Prop. Original / Apensada,Plenário,1,1,TRUE,governo,Proposição,-0.251642281927257,0.643145
ec75a878c8970556016a4e31e2345057,23806,135175,senado,3806,Zequinha Marinho,PSC,PA,senador,senado,Requerimento,Plenário,0.1,1,TRUE,governo,Proposição,2.817743168877625,0.366733
ec75a878c8970556016a4e31e2345057,24994,135175,senado,4994,Eduardo Braga,MDB,AM,senador,senado,Requerimento,Plenário,0.1,1,TRUE,governo,Proposição,-0.08168928700753852,0.668399
ec75a878c8970556016a4e31e2345057,25012,135175,senado,5012,Randolfe Rodrigues,REDE,AP,senador,senado,Requerimento,Plenário,0.1,1,TRUE,oposição,Proposição,-9.49913857636502,0.723893
ec75a878c8970556016a4e31e2345057,25411,135175,senado,5411,Weverton,PDT,MA,senador,senado,Requerimento,Plenário,0.1,1,TRUE,oposição,Proposição,-6.1190715318106115,0.365876
ec75a878c8970556016a4e31e2345057,25540,135175,senado,5540,Fernando Bezerra Coelho,MDB,PE,senador,senado,Requerimento,Plenário,0.1,1,TRUE,governo,Proposição,8.987401324944308,0.312882
ec75a878c8970556016a4e31e2345057,25732,135175,senado,5732,Rodrigo Pacheco,DEM,MG,senador,senado,Requerimento,Plenário,0.1,1,TRUE,governo,Proposição,2.0622282939254095,0.337366
ec75a878c8970556016a4e31e2345057,25976,135175,senado,5976,Eduardo Girão,PODEMOS,CE,senador,senado,Requerimento,Plenário,0.1,1,TRUE,governo,Proposição,-1.6168473989705063,0
ec75a878c8970556016a4e31e2345057,25982,135175,senado,5982,Alessandro Vieira,CIDADANIA,SE,senador,senado,Requerimento,Plenário,0.1,1,TRUE,governo,Proposição,-2.458098299349242,0
ec75a878c8970556016a4e31e2345057,25998,135175,senado,5998,Daniella Ribeiro,PP,PB,senador,senado,Requerimento,Plenário,0.1,1,TRUE,governo,Proposição,2.61900784377894,0.360477
ec75a878c8970556016a4e31e2345057,26027,135175,senado,6027,Mecias de Jesus,REPUBLICANOS,RR,senador,senado,Requerimento,Plenário,0.1,1,TRUE,governo,Proposição,-0.251642281927257,0.643145
2d8e49e60313f657cf1870f22524cb41,25953,136417,senado,5953,Fabiano Contarato,REDE,ES,senador,senado,Prop. Original / Apensada,Plenário,1,1,TRUE,oposição,Proposição,-6.475067277189618,0.350629
a9bd1e213051d3fa015f0eb66daf6074,25012,140618,senado,5012,Randolfe Rodrigues,REDE,AP,senador,senado,Prop. Original / Apensada,Plenário,1,1,TRUE,oposição,Proposição,-9.49913857636502,0.723893
40b6e1bf9af39379d5677d7f3486c063,2374,140619,senado,374,Paulo Rocha,PT,PA,senador,senado,Prop. Original / Apensada,Plenário,0.14285714285714285,1,TRUE,oposição,Proposição,-9.877485918562256,0.365028
40b6e1bf9af39379d5677d7f3486c063,2581,140619,senado,581,Jaques Wagner,PT,BA,senador,senado,Prop. Original / Apensada,Plenário,0.14285714285714285,1,TRUE,oposição,Proposição,-10,0.100209
40b6e1bf9af39379d5677d7f3486c063,2825,140619,senado,825,Paulo Paim,PT,RS,senador,senado,Prop. Original / Apensada,Plenário,0.14285714285714285,1,TRUE,oposição,Proposição,-8.771983771486855,0.358875
40b6e1bf9af39379d5677d7f3486c063,25008,140619,senado,5008,Humberto Costa,PT,PE,senador,senado,Prop. Original / Apensada,Plenário,0.14285714285714285,1,TRUE,oposição,Proposição,-8.709200337096954,0.395398
40b6e1bf9af39379d5677d7f3486c063,25352,140619,senado,5352,Rogério Carvalho,PT,SE,senador,senado,Prop. Original / Apensada,Plenário,0.14285714285714285,1,TRUE,oposição,Proposição,-9.96288104764234,0.0770198
40b6e1bf9af39379d5677d7f3486c063,25627,140619,senado,5627,NA,NA,NA,senador,senado,Prop. Original / Apensada,Plenário,0.14285714285714285,1,TRUE,oposição,Proposição,NA,NA
40b6e1bf9af39379d5677d7f3486c063,25783,140619,senado,5783,Zenaide Maia,PROS,RN,senador,senado,Prop. Original / Apensada,Plenário,0.14285714285714285,1,TRUE,governo,Proposição,-8.30485078789202,0.0173823
6142605ff5d70b1c2b51d7d6d0d942f9,2374,140754,senado,374,Paulo Rocha,PT,PA,senador,senado,Prop. Original / Apensada,Plenário,0.16666666666666666,1,TRUE,oposição,Proposição,-9.877485918562256,0.365028
6142605ff5d70b1c2b51d7d6d0d942f9,2581,140754,senado,581,Jaques Wagner,PT,BA,senador,senado,Prop. Original / Apensada,Plenário,0.16666666666666666,1,TRUE,oposição,Proposição,-10,0.100209
6142605ff5d70b1c2b51d7d6d0d942f9,2825,140754,senado,825,Paulo Paim,PT,RS,senador,senado,Prop. Original / Apensada,Plenário,0.16666666666666666,1,TRUE,oposição,Proposição,-8.771983771486855,0.358875
6142605ff5d70b1c2b51d7d6d0d942f9,25352,140754,senado,5352,Rogério Carvalho,PT,SE,senador,senado,Prop. Original / Apensada,Plenário,0.16666666666666666,1,TRUE,oposição,Proposição,-9.96288104764234,0.0770198
6142605ff5d70b1c2b51d7d6d0d942f9,25627,140754,senado,5627,NA,NA,NA,senador,senado,Prop. Original / Apensada,Plenário,0.16666666666666666,1,TRUE,oposição,Proposição,NA,NA
6142605ff5d70b1c2b51d7d6d0d942f9,25783,140754,senado,5783,Zenaide Maia,PROS,RN,senador,senado,Prop. Original / Apensada,Plenário,0.16666666666666666,1,TRUE,governo,Proposição,-8.30485078789202,0.0173823
60211d690442e4790271643cd0ad3dc2,23806,140895,senado,3806,Zequinha Marinho,PSC,PA,senador,senado,Prop. Original / Apensada,Plenário,1,1,TRUE,governo,Proposição,2.817743168877625,0.366733
4de57fe01be4f0b7bba53214170a741e,2374,141084,senado,374,Paulo Rocha,PT,PA,senador,senado,Prop. Original / Apensada,Plenário,0.14285714285714285,1,TRUE,oposição,Proposição,-9.877485918562256,0.365028
4de57fe01be4f0b7bba53214170a741e,2581,141084,senado,581,Jaques Wagner,PT,BA,senador,senado,Prop. Original / Apensada,Plenário,0.14285714285714285,1,TRUE,oposição,Proposição,-10,0.100209
4de57fe01be4f0b7bba53214170a741e,2825,141084,senado,825,Paulo Paim,PT,RS,senador,senado,Prop. Original / Apensada,Plenário,0.14285714285714285,1,TRUE,oposição,Proposição,-8.771983771486855,0.358875
4de57fe01be4f0b7bba53214170a741e,25008,141084,senado,5008,Humberto Costa,PT,PE,senador,senado,Prop. Original / Apensada,Plenário,0.14285714285714285,1,TRUE,oposição,Proposição,-8.709200337096954,0.395398
4de57fe01be4f0b7bba53214170a741e,25352,141084,senado,5352,Rogério Carvalho,PT,SE,senador,senado,Prop. Original / Apensada,Plenário,0.14285714285714285,1,TRUE,oposição,Proposição,-9.96288104764234,0.0770198
4de57fe01be4f0b7bba53214170a741e,25627,141084,senado,5627,NA,NA,NA,senador,senado,Prop. Original / Apensada,Plenário,0.14285714285714285,1,TRUE,oposição,Proposição,NA,NA
4de57fe01be4f0b7bba53214170a741e,25783,141084,senado,5783,Zenaide Maia,PROS,RN,senador,senado,Prop. Original / Apensada,Plenário,0.14285714285714285,1,TRUE,governo,Proposição,-8.30485078789202,0.0173823
2e72f673bfc8523a45e924e7ac034903,23806,141227,senado,3806,Zequinha Marinho,PSC,PA,senador,senado,Prop. Original / Apensada,Plenário,1,1,TRUE,governo,Proposição,2.817743168877625,0.366733
90aa7f96ef7d19436c81a41b549c2b89,25012,141764,senado,5012,Randolfe Rodrigues,REDE,AP,senador,senado,Outros,Plenário,1,1,TRUE,oposição,Outros,-9.49913857636502,0.723893
90aa7f96ef7d19436c81a41b549c2b89,25012,141764,senado,5012,Randolfe Rodrigues,REDE,AP,senador,senado,Prop. Original / Apensada,Plenário,1,1,TRUE,oposição,Proposição,-9.49913857636502,0.723893
86578c7c53c72a80231998f1ecdaf8ed,25352,141968,senado,5352,Rogério Carvalho,PT,SE,senador,senado,Outros,Plenário,1,1,TRUE,oposição,Outros,-9.96288104764234,0.0770198
86578c7c53c72a80231998f1ecdaf8ed,25352,141968,senado,5352,Rogério Carvalho,PT,SE,senador,senado,Prop. Original / Apensada,Plenário,1,1,TRUE,oposição,Proposição,-9.96288104764234,0.0770198
5d29d44c7063b268bfba7683d562e97d,21186,143275,senado,1186,Luis Carlos Heinze,PP,RS,senador,senado,Prop. Original / Apensada,Plenário,1,1,TRUE,governo,Proposição,7.952631992623786,0.476287
5d29d44c7063b268bfba7683d562e97d,21186,143275,senado,1186,Luis Carlos Heinze,PP,RS,senador,senado,Requerimento,Plenário,1,1,TRUE,governo,Proposição,7.952631992623786,0.476287
1c436011f2efcfba77dfc05833cdf834,21186,143287,senado,1186,Luis Carlos Heinze,PP,RS,senador,senado,Prop. Original / Apensada,Plenário,1,1,TRUE,governo,Proposição,7.952631992623786,0.476287
1c436011f2efcfba77dfc05833cdf834,21186,143287,senado,1186,Luis Carlos Heinze,PP,RS,senador,senado,Requerimento,Plenário,1,1,TRUE,governo,Proposição,7.952631992623786,0.476287
edfb3d9c64947a11c76ab8c6a46174e2,21186,144851,senado,1186,Luis Carlos Heinze,PP,RS,senador,senado,Prop. Original / Apensada,Plenário,1,1,TRUE,governo,Proposição,7.952631992623786,0.476287
c7b6bcd6022b6818e3f8314d05ce2afb,2374,144966,senado,374,Paulo Rocha,PT,PA,senador,senado,Requerimento,Plenário,1,1,TRUE,oposição,Proposição,-9.877485918562256,0.365028
c7b6bcd6022b6818e3f8314d05ce2afb,25008,144966,senado,5008,Humberto Costa,PT,PE,senador,senado,Requerimento,Plenário,1,1,TRUE,oposição,Proposição,-8.709200337096954,0.395398
c7b6bcd6022b6818e3f8314d05ce2afb,25352,144966,senado,5352,Rogério Carvalho,PT,SE,senador,senado,Requerimento,Plenário,1,1,TRUE,oposição,Proposição,-9.96288104764234,0.0770198
c7b6bcd6022b6818e3f8314d05ce2afb,2374,144966,senado,374,Paulo Rocha,PT,PA,senador,senado,Prop. Original / Apensada,Plenário,0.25,1,TRUE,oposição,Proposição,-9.877485918562256,0.365028
c7b6bcd6022b6818e3f8314d05ce2afb,2581,144966,senado,581,Jaques Wagner,PT,BA,senador,senado,Prop. Original / Apensada,Plenário,0.25,1,TRUE,oposição,Proposição,-10,0.100209
c7b6bcd6022b6818e3f8314d05ce2afb,25008,144966,senado,5008,Humberto Costa,PT,PE,senador,senado,Prop. Original / Apensada,Plenário,0.25,1,TRUE,oposição,Proposição,-8.709200337096954,0.395398
c7b6bcd6022b6818e3f8314d05ce2afb,25352,144966,senado,5352,Rogério Carvalho,PT,SE,senador,senado,Prop. Original / Apensada,Plenário,0.25,1,TRUE,oposição,Proposição,-9.96288104764234,0.0770198
9c581eea6c5862113234baa0372bc44c,25376,145213,senado,5376,Mara Gabrilli,PSDB,SP,senador,senado,Requerimento,Plenário,1,1,TRUE,governo,Proposição,-2.219548930868225,0.0964358
9c581eea6c5862113234baa0372bc44c,25376,145213,senado,5376,Mara Gabrilli,PSDB,SP,senador,senado,Prop. Original / Apensada,Plenário,0.5,1,TRUE,governo,Proposição,-2.219548930868225,0.0964358
9c581eea6c5862113234baa0372bc44c,25953,145213,senado,5953,Fabiano Contarato,REDE,ES,senador,senado,Prop. Original / Apensada,Plenário,0.5,1,TRUE,oposição,Proposição,-6.475067277189618,0.350629
6ef66f861e22202de3ce51fcb6a05d27,25953,145734,senado,5953,Fabiano Contarato,REDE,ES,senador,senado,Prop. Original / Apensada,Plenário,1,1,TRUE,oposição,Proposição,-6.475067277189618,0.350629
