id_leggo,id_principal,casa,id_autor.x,id_autor.y,peso_arestas,num_coautorias,nome.x,partido.x,uf.x,casa_autor.x,bancada.x,nome.y,partido.y,uf.y,casa_autor.y,bancada.y
01c3291306586541b3164eaede8d2af1,2259684,camara,160535,160610,0.125,1,Dep. Marcon,PT,RS,camara,oposição,Dep. Valmir Assunção,PT,BA,camara,oposição
01c3291306586541b3164eaede8d2af1,2259684,camara,160535,178970,0.125,1,Dep. Marcon,PT,RS,camara,oposição,Dep. João Daniel,PT,SE,camara,oposição
01c3291306586541b3164eaede8d2af1,2259684,camara,160535,178986,0.125,1,Dep. Marcon,PT,RS,camara,oposição,Dep. Nilto Tatto,PT,SP,camara,oposição
01c3291306586541b3164eaede8d2af1,2259684,camara,160535,204370,0.125,1,Dep. Marcon,PT,RS,camara,oposição,Dep. Célio Moura,PT,TO,camara,oposição
01c3291306586541b3164eaede8d2af1,2259684,camara,160535,204393,0.125,1,Dep. Marcon,PT,RS,camara,oposição,Dep. Frei Anastacio Ribeiro,PT,PB,camara,oposição
01c3291306586541b3164eaede8d2af1,2259684,camara,160535,204495,0.125,1,Dep. Marcon,PT,RS,camara,oposição,Dep. Airton Faleiro,PT,PA,camara,oposição
01c3291306586541b3164eaede8d2af1,2259684,camara,160610,178970,0.125,1,Dep. Valmir Assunção,PT,BA,camara,oposição,Dep. João Daniel,PT,SE,camara,oposição
01c3291306586541b3164eaede8d2af1,2259684,camara,160610,178986,0.125,1,Dep. Valmir Assunção,PT,BA,camara,oposição,Dep. Nilto Tatto,PT,SP,camara,oposição
01c3291306586541b3164eaede8d2af1,2259684,camara,160610,204370,0.125,1,Dep. Valmir Assunção,PT,BA,camara,oposição,Dep. Célio Moura,PT,TO,camara,oposição
01c3291306586541b3164eaede8d2af1,2259684,camara,160610,204393,0.125,1,Dep. Valmir Assunção,PT,BA,camara,oposição,Dep. Frei Anastacio Ribeiro,PT,PB,camara,oposição
01c3291306586541b3164eaede8d2af1,2259684,camara,160610,204495,0.125,1,Dep. Valmir Assunção,PT,BA,camara,oposição,Dep. Airton Faleiro,PT,PA,camara,oposição
01c3291306586541b3164eaede8d2af1,2259684,camara,178970,178986,0.125,1,Dep. João Daniel,PT,SE,camara,oposição,Dep. Nilto Tatto,PT,SP,camara,oposição
01c3291306586541b3164eaede8d2af1,2259684,camara,178970,204370,0.125,1,Dep. João Daniel,PT,SE,camara,oposição,Dep. Célio Moura,PT,TO,camara,oposição
01c3291306586541b3164eaede8d2af1,2259684,camara,178970,204393,0.125,1,Dep. João Daniel,PT,SE,camara,oposição,Dep. Frei Anastacio Ribeiro,PT,PB,camara,oposição
01c3291306586541b3164eaede8d2af1,2259684,camara,178970,204495,0.125,1,Dep. João Daniel,PT,SE,camara,oposição,Dep. Airton Faleiro,PT,PA,camara,oposição
01c3291306586541b3164eaede8d2af1,2259684,camara,178986,204370,0.125,1,Dep. Nilto Tatto,PT,SP,camara,oposição,Dep. Célio Moura,PT,TO,camara,oposição
01c3291306586541b3164eaede8d2af1,2259684,camara,178986,204393,0.125,1,Dep. Nilto Tatto,PT,SP,camara,oposição,Dep. Frei Anastacio Ribeiro,PT,PB,camara,oposição
01c3291306586541b3164eaede8d2af1,2259684,camara,178986,204495,0.125,1,Dep. Nilto Tatto,PT,SP,camara,oposição,Dep. Airton Faleiro,PT,PA,camara,oposição
01c3291306586541b3164eaede8d2af1,2259684,camara,204370,204393,0.125,1,Dep. Célio Moura,PT,TO,camara,oposição,Dep. Frei Anastacio Ribeiro,PT,PB,camara,oposição
01c3291306586541b3164eaede8d2af1,2259684,camara,204370,204495,0.125,1,Dep. Célio Moura,PT,TO,camara,oposição,Dep. Airton Faleiro,PT,PA,camara,oposição
01c3291306586541b3164eaede8d2af1,2259684,camara,204393,204495,0.125,1,Dep. Frei Anastacio Ribeiro,PT,PB,camara,oposição,Dep. Airton Faleiro,PT,PA,camara,oposição
01c3291306586541b3164eaede8d2af1,2259684,camara,74160,160535,0.125,1,Dep. Patrus Ananias,PT,MG,camara,oposição,Dep. Marcon,PT,RS,camara,oposição
01c3291306586541b3164eaede8d2af1,2259684,camara,74160,160610,0.125,1,Dep. Patrus Ananias,PT,MG,camara,oposição,Dep. Valmir Assunção,PT,BA,camara,oposição
01c3291306586541b3164eaede8d2af1,2259684,camara,74160,178970,0.125,1,Dep. Patrus Ananias,PT,MG,camara,oposição,Dep. João Daniel,PT,SE,camara,oposição
01c3291306586541b3164eaede8d2af1,2259684,camara,74160,178986,0.125,1,Dep. Patrus Ananias,PT,MG,camara,oposição,Dep. Nilto Tatto,PT,SP,camara,oposição
01c3291306586541b3164eaede8d2af1,2259684,camara,74160,204370,0.125,1,Dep. Patrus Ananias,PT,MG,camara,oposição,Dep. Célio Moura,PT,TO,camara,oposição
01c3291306586541b3164eaede8d2af1,2259684,camara,74160,204393,0.125,1,Dep. Patrus Ananias,PT,MG,camara,oposição,Dep. Frei Anastacio Ribeiro,PT,PB,camara,oposição
01c3291306586541b3164eaede8d2af1,2259684,camara,74160,204495,0.125,1,Dep. Patrus Ananias,PT,MG,camara,oposição,Dep. Airton Faleiro,PT,PA,camara,oposição
01ea98edfa16ee97ada6ca6056a75f0a,2236958,camara,204488,204488,1,1,Dep. Célio Studart,PV,CE,camara,governo,Dep. Célio Studart,PV,CE,camara,governo
04c04c3ee0b61e9f7a4564025c3f0b85,2236840,camara,204530,204530,1,1,Dep. Rodrigo Agostinho,PSB,SP,camara,oposição,Dep. Rodrigo Agostinho,PSB,SP,camara,oposição
1936af28823a0817e771380dfacce78d,2204564,camara,160575,160575,1,1,Dep. Erika Kokay,PT,DF,camara,oposição,Dep. Erika Kokay,PT,DF,camara,oposição
1a1991f77234dbae849873b31df0919d,2206105,camara,141470,141470,1,1,Dep. José Guimarães,PT,CE,camara,oposição,Dep. José Guimarães,PT,CE,camara,oposição
1dbe81661ce54b39de6507dabaa33349,2192263,camara,204472,204472,1,1,Dep. José Medeiros,PODE,MT,camara,governo,Dep. José Medeiros,PODE,MT,camara,governo
20aaae99e85511347544d52ca26928d6,2200572,camara,160511,160511,1,1,Dep. Alessandro Molon,PSB,RJ,camara,oposição,Dep. Alessandro Molon,PSB,RJ,camara,oposição
20aaae99e85511347544d52ca26928d6,2200572,camara,204483,204483,1,1,Dep. Vilson Da Fetaemg,PSB,MG,camara,oposição,Dep. Vilson Da Fetaemg,PSB,MG,camara,oposição
20aaae99e85511347544d52ca26928d6,2200572,camara,204495,204495,2,2,Dep. Airton Faleiro,PT,PA,camara,oposição,Dep. Airton Faleiro,PT,PA,camara,oposição
22aa18f33a3fff84340a32a1ad07b221,2205754,camara,74848,74848,1,1,Dep. Jandira Feghali,PCdoB,RJ,camara,oposição,Dep. Jandira Feghali,PCdoB,RJ,camara,oposição
234f33c2f5d2cd76d8dec24b3572a36d,2198142,camara,178986,178986,1,1,Dep. Nilto Tatto,PT,SP,camara,oposição,Dep. Nilto Tatto,PT,SP,camara,oposição
274a7798ff43d2699b1b9c5d3b34ee9d,2250646,camara,160511,160511,1,1,Dep. Alessandro Molon,PSB,RJ,camara,oposição,Dep. Alessandro Molon,PSB,RJ,camara,oposição
287f4852b0ce051c6783429ed4060dd8,2241699,camara,204495,204555,0.5,1,Dep. Airton Faleiro,PT,PA,camara,oposição,Dep. José Ricardo,PT,AM,camara,oposição
28a9ff8ecab1eed465c1d2355925ece4,2236761,camara,204407,204407,1,1,Dep. Fernanda Melchionna,PSOL,RS,camara,oposição,Dep. Fernanda Melchionna,PSOL,RS,camara,oposição
28a9ff8ecab1eed465c1d2355925ece4,2236761,camara,204488,204488,1,1,Dep. Célio Studart,PV,CE,camara,governo,Dep. Célio Studart,PV,CE,camara,governo
28a9ff8ecab1eed465c1d2355925ece4,2236761,camara,204530,204530,1,1,Dep. Rodrigo Agostinho,PSB,SP,camara,oposição,Dep. Rodrigo Agostinho,PSB,SP,camara,oposição
28a9ff8ecab1eed465c1d2355925ece4,2236761,camara,204534,204534,1,1,Dep. Tabata Amaral,PDT,SP,camara,oposição,Dep. Tabata Amaral,PDT,SP,camara,oposição
28a9ff8ecab1eed465c1d2355925ece4,2236761,camara,74848,74848,1,1,Dep. Jandira Feghali,PCdoB,RJ,camara,oposição,Dep. Jandira Feghali,PCdoB,RJ,camara,oposição
2c17f65918903db5527e3438f65218f2,2263588,camara,141470,141470,1,1,Dep. José Guimarães,PT,CE,camara,oposição,Dep. José Guimarães,PT,CE,camara,oposição
2d4c562a3fdb14ef5b0fbd4e1718ab21,2197974,camara,178873,178873,1,1,Dep. Helder Salomão,PT,ES,camara,oposição,Dep. Helder Salomão,PT,ES,camara,oposição
330f394d2388250c763c3ab946fb4daf,2252883,camara,132504,178970,0.3333333333333333,1,Dep. Enio Verri,PT,NA,camara,oposição,Dep. João Daniel,PT,SE,camara,oposição
330f394d2388250c763c3ab946fb4daf,2252883,camara,132504,178986,0.3333333333333333,1,Dep. Enio Verri,PT,NA,camara,oposição,Dep. Nilto Tatto,PT,SP,camara,oposição
330f394d2388250c763c3ab946fb4daf,2252883,camara,178970,178986,0.3333333333333333,1,Dep. João Daniel,PT,SE,camara,oposição,Dep. Nilto Tatto,PT,SP,camara,oposição
356d73e720dbbf019086505f783b6769,2252799,camara,134812,152605,0.2111111111111111,2,Dep. Edmilson Rodrigues,PSOL,PA,camara,oposição,Dep. Glauber Braga,PSOL,RJ,camara,oposição
356d73e720dbbf019086505f783b6769,2252799,camara,134812,204407,0.2111111111111111,2,Dep. Edmilson Rodrigues,PSOL,PA,camara,oposição,Dep. Fernanda Melchionna,PSOL,RS,camara,oposição
356d73e720dbbf019086505f783b6769,2252799,camara,134812,204464,0.1,1,Dep. Edmilson Rodrigues,PSOL,PA,camara,oposição,Dep. Talíria Petrone,PSOL,RJ,camara,oposição
356d73e720dbbf019086505f783b6769,2252799,camara,134812,204509,0.2111111111111111,2,Dep. Edmilson Rodrigues,PSOL,PA,camara,oposição,Dep. Áurea Carolina,PSOL,MG,camara,oposição
356d73e720dbbf019086505f783b6769,2252799,camara,134812,204535,0.2111111111111111,2,Dep. Edmilson Rodrigues,PSOL,PA,camara,oposição,Dep. Sâmia Bomfim,PSOL,SP,camara,oposição
356d73e720dbbf019086505f783b6769,2252799,camara,134812,205548,0.2111111111111111,2,Dep. Edmilson Rodrigues,PSOL,PA,camara,oposição,Dep. David Miranda,PSOL,RJ,camara,oposição
356d73e720dbbf019086505f783b6769,2252799,camara,152605,204407,0.2111111111111111,2,Dep. Glauber Braga,PSOL,RJ,camara,oposição,Dep. Fernanda Melchionna,PSOL,RS,camara,oposição
356d73e720dbbf019086505f783b6769,2252799,camara,152605,204464,0.1,1,Dep. Glauber Braga,PSOL,RJ,camara,oposição,Dep. Talíria Petrone,PSOL,RJ,camara,oposição
356d73e720dbbf019086505f783b6769,2252799,camara,152605,204509,0.2111111111111111,2,Dep. Glauber Braga,PSOL,RJ,camara,oposição,Dep. Áurea Carolina,PSOL,MG,camara,oposição
356d73e720dbbf019086505f783b6769,2252799,camara,152605,204535,0.2111111111111111,2,Dep. Glauber Braga,PSOL,RJ,camara,oposição,Dep. Sâmia Bomfim,PSOL,SP,camara,oposição
356d73e720dbbf019086505f783b6769,2252799,camara,152605,205548,0.2111111111111111,2,Dep. Glauber Braga,PSOL,RJ,camara,oposição,Dep. David Miranda,PSOL,RJ,camara,oposição
356d73e720dbbf019086505f783b6769,2252799,camara,204407,204464,0.1,1,Dep. Fernanda Melchionna,PSOL,RS,camara,oposição,Dep. Talíria Petrone,PSOL,RJ,camara,oposição
356d73e720dbbf019086505f783b6769,2252799,camara,204407,204509,0.2111111111111111,2,Dep. Fernanda Melchionna,PSOL,RS,camara,oposição,Dep. Áurea Carolina,PSOL,MG,camara,oposição
356d73e720dbbf019086505f783b6769,2252799,camara,204407,204535,0.2111111111111111,2,Dep. Fernanda Melchionna,PSOL,RS,camara,oposição,Dep. Sâmia Bomfim,PSOL,SP,camara,oposição
356d73e720dbbf019086505f783b6769,2252799,camara,204407,205548,0.2111111111111111,2,Dep. Fernanda Melchionna,PSOL,RS,camara,oposição,Dep. David Miranda,PSOL,RJ,camara,oposição
356d73e720dbbf019086505f783b6769,2252799,camara,204464,204509,0.1,1,Dep. Talíria Petrone,PSOL,RJ,camara,oposição,Dep. Áurea Carolina,PSOL,MG,camara,oposição
356d73e720dbbf019086505f783b6769,2252799,camara,204464,204535,0.1,1,Dep. Talíria Petrone,PSOL,RJ,camara,oposição,Dep. Sâmia Bomfim,PSOL,SP,camara,oposição
356d73e720dbbf019086505f783b6769,2252799,camara,204464,205548,0.1,1,Dep. Talíria Petrone,PSOL,RJ,camara,oposição,Dep. David Miranda,PSOL,RJ,camara,oposição
356d73e720dbbf019086505f783b6769,2252799,camara,204509,204535,0.2111111111111111,2,Dep. Áurea Carolina,PSOL,MG,camara,oposição,Dep. Sâmia Bomfim,PSOL,SP,camara,oposição
356d73e720dbbf019086505f783b6769,2252799,camara,204509,205548,0.2111111111111111,2,Dep. Áurea Carolina,PSOL,MG,camara,oposição,Dep. David Miranda,PSOL,RJ,camara,oposição
356d73e720dbbf019086505f783b6769,2252799,camara,204535,205548,0.2111111111111111,2,Dep. Sâmia Bomfim,PSOL,SP,camara,oposição,Dep. David Miranda,PSOL,RJ,camara,oposição
356d73e720dbbf019086505f783b6769,2252799,camara,73531,134812,0.2111111111111111,2,Dep. Ivan Valente,PSOL,SP,camara,oposição,Dep. Edmilson Rodrigues,PSOL,PA,camara,oposição
356d73e720dbbf019086505f783b6769,2252799,camara,73531,152605,0.2111111111111111,2,Dep. Ivan Valente,PSOL,SP,camara,oposição,Dep. Glauber Braga,PSOL,RJ,camara,oposição
356d73e720dbbf019086505f783b6769,2252799,camara,73531,204407,0.2111111111111111,2,Dep. Ivan Valente,PSOL,SP,camara,oposição,Dep. Fernanda Melchionna,PSOL,RS,camara,oposição
356d73e720dbbf019086505f783b6769,2252799,camara,73531,204464,0.1,1,Dep. Ivan Valente,PSOL,SP,camara,oposição,Dep. Talíria Petrone,PSOL,RJ,camara,oposição
356d73e720dbbf019086505f783b6769,2252799,camara,73531,204509,0.2111111111111111,2,Dep. Ivan Valente,PSOL,SP,camara,oposição,Dep. Áurea Carolina,PSOL,MG,camara,oposição
356d73e720dbbf019086505f783b6769,2252799,camara,73531,204535,0.2111111111111111,2,Dep. Ivan Valente,PSOL,SP,camara,oposição,Dep. Sâmia Bomfim,PSOL,SP,camara,oposição
356d73e720dbbf019086505f783b6769,2252799,camara,73531,205548,0.2111111111111111,2,Dep. Ivan Valente,PSOL,SP,camara,oposição,Dep. David Miranda,PSOL,RJ,camara,oposição
356d73e720dbbf019086505f783b6769,2252799,camara,73531,74784,0.2111111111111111,2,Dep. Ivan Valente,PSOL,SP,camara,oposição,Dep. Luiza Erundina,PSOL,SP,camara,oposição
356d73e720dbbf019086505f783b6769,2252799,camara,73531,76874,0.2111111111111111,2,Dep. Ivan Valente,PSOL,SP,camara,oposição,Dep. Marcelo Freixo,PSOL,RJ,camara,oposição
356d73e720dbbf019086505f783b6769,2252799,camara,74784,134812,0.2111111111111111,2,Dep. Luiza Erundina,PSOL,SP,camara,oposição,Dep. Edmilson Rodrigues,PSOL,PA,camara,oposição
356d73e720dbbf019086505f783b6769,2252799,camara,74784,152605,0.2111111111111111,2,Dep. Luiza Erundina,PSOL,SP,camara,oposição,Dep. Glauber Braga,PSOL,RJ,camara,oposição
356d73e720dbbf019086505f783b6769,2252799,camara,74784,204407,0.2111111111111111,2,Dep. Luiza Erundina,PSOL,SP,camara,oposição,Dep. Fernanda Melchionna,PSOL,RS,camara,oposição
356d73e720dbbf019086505f783b6769,2252799,camara,74784,204464,0.1,1,Dep. Luiza Erundina,PSOL,SP,camara,oposição,Dep. Talíria Petrone,PSOL,RJ,camara,oposição
356d73e720dbbf019086505f783b6769,2252799,camara,74784,204509,0.2111111111111111,2,Dep. Luiza Erundina,PSOL,SP,camara,oposição,Dep. Áurea Carolina,PSOL,MG,camara,oposição
356d73e720dbbf019086505f783b6769,2252799,camara,74784,204535,0.2111111111111111,2,Dep. Luiza Erundina,PSOL,SP,camara,oposição,Dep. Sâmia Bomfim,PSOL,SP,camara,oposição
356d73e720dbbf019086505f783b6769,2252799,camara,74784,205548,0.2111111111111111,2,Dep. Luiza Erundina,PSOL,SP,camara,oposição,Dep. David Miranda,PSOL,RJ,camara,oposição
356d73e720dbbf019086505f783b6769,2252799,camara,74784,76874,0.2111111111111111,2,Dep. Luiza Erundina,PSOL,SP,camara,oposição,Dep. Marcelo Freixo,PSOL,RJ,camara,oposição
356d73e720dbbf019086505f783b6769,2252799,camara,76874,134812,0.2111111111111111,2,Dep. Marcelo Freixo,PSOL,RJ,camara,oposição,Dep. Edmilson Rodrigues,PSOL,PA,camara,oposição
356d73e720dbbf019086505f783b6769,2252799,camara,76874,152605,0.2111111111111111,2,Dep. Marcelo Freixo,PSOL,RJ,camara,oposição,Dep. Glauber Braga,PSOL,RJ,camara,oposição
356d73e720dbbf019086505f783b6769,2252799,camara,76874,204407,0.2111111111111111,2,Dep. Marcelo Freixo,PSOL,RJ,camara,oposição,Dep. Fernanda Melchionna,PSOL,RS,camara,oposição
356d73e720dbbf019086505f783b6769,2252799,camara,76874,204464,0.1,1,Dep. Marcelo Freixo,PSOL,RJ,camara,oposição,Dep. Talíria Petrone,PSOL,RJ,camara,oposição
356d73e720dbbf019086505f783b6769,2252799,camara,76874,204509,0.2111111111111111,2,Dep. Marcelo Freixo,PSOL,RJ,camara,oposição,Dep. Áurea Carolina,PSOL,MG,camara,oposição
356d73e720dbbf019086505f783b6769,2252799,camara,76874,204535,0.2111111111111111,2,Dep. Marcelo Freixo,PSOL,RJ,camara,oposição,Dep. Sâmia Bomfim,PSOL,SP,camara,oposição
356d73e720dbbf019086505f783b6769,2252799,camara,76874,205548,0.2111111111111111,2,Dep. Marcelo Freixo,PSOL,RJ,camara,oposição,Dep. David Miranda,PSOL,RJ,camara,oposição
3c18b2407ec13aa8c0ff4290506b5822,2252159,camara,160511,160511,1,1,Dep. Alessandro Molon,PSB,RJ,camara,oposição,Dep. Alessandro Molon,PSB,RJ,camara,oposição
3f7eab720eb21413985b71742fa82228,2198087,camara,134812,152605,0.125,1,Dep. Edmilson Rodrigues,PSOL,PA,camara,oposição,Dep. Glauber Braga,PSOL,RJ,camara,oposição
3f7eab720eb21413985b71742fa82228,2198087,camara,134812,204407,0.125,1,Dep. Edmilson Rodrigues,PSOL,PA,camara,oposição,Dep. Fernanda Melchionna,PSOL,RS,camara,oposição
3f7eab720eb21413985b71742fa82228,2198087,camara,134812,204464,0.125,1,Dep. Edmilson Rodrigues,PSOL,PA,camara,oposição,Dep. Talíria Petrone,PSOL,RJ,camara,oposição
3f7eab720eb21413985b71742fa82228,2198087,camara,134812,204509,0.125,1,Dep. Edmilson Rodrigues,PSOL,PA,camara,oposição,Dep. Áurea Carolina,PSOL,MG,camara,oposição
3f7eab720eb21413985b71742fa82228,2198087,camara,152605,204407,0.125,1,Dep. Glauber Braga,PSOL,RJ,camara,oposição,Dep. Fernanda Melchionna,PSOL,RS,camara,oposição
3f7eab720eb21413985b71742fa82228,2198087,camara,152605,204464,0.125,1,Dep. Glauber Braga,PSOL,RJ,camara,oposição,Dep. Talíria Petrone,PSOL,RJ,camara,oposição
3f7eab720eb21413985b71742fa82228,2198087,camara,152605,204509,0.125,1,Dep. Glauber Braga,PSOL,RJ,camara,oposição,Dep. Áurea Carolina,PSOL,MG,camara,oposição
3f7eab720eb21413985b71742fa82228,2198087,camara,204407,204464,0.125,1,Dep. Fernanda Melchionna,PSOL,RS,camara,oposição,Dep. Talíria Petrone,PSOL,RJ,camara,oposição
3f7eab720eb21413985b71742fa82228,2198087,camara,204407,204509,0.125,1,Dep. Fernanda Melchionna,PSOL,RS,camara,oposição,Dep. Áurea Carolina,PSOL,MG,camara,oposição
3f7eab720eb21413985b71742fa82228,2198087,camara,204464,204509,0.125,1,Dep. Talíria Petrone,PSOL,RJ,camara,oposição,Dep. Áurea Carolina,PSOL,MG,camara,oposição
3f7eab720eb21413985b71742fa82228,2198087,camara,73531,134812,0.125,1,Dep. Ivan Valente,PSOL,SP,camara,oposição,Dep. Edmilson Rodrigues,PSOL,PA,camara,oposição
3f7eab720eb21413985b71742fa82228,2198087,camara,73531,152605,0.125,1,Dep. Ivan Valente,PSOL,SP,camara,oposição,Dep. Glauber Braga,PSOL,RJ,camara,oposição
3f7eab720eb21413985b71742fa82228,2198087,camara,73531,204407,0.125,1,Dep. Ivan Valente,PSOL,SP,camara,oposição,Dep. Fernanda Melchionna,PSOL,RS,camara,oposição
3f7eab720eb21413985b71742fa82228,2198087,camara,73531,204464,0.125,1,Dep. Ivan Valente,PSOL,SP,camara,oposição,Dep. Talíria Petrone,PSOL,RJ,camara,oposição
3f7eab720eb21413985b71742fa82228,2198087,camara,73531,204509,0.125,1,Dep. Ivan Valente,PSOL,SP,camara,oposição,Dep. Áurea Carolina,PSOL,MG,camara,oposição
3f7eab720eb21413985b71742fa82228,2198087,camara,73531,74784,0.125,1,Dep. Ivan Valente,PSOL,SP,camara,oposição,Dep. Luiza Erundina,PSOL,SP,camara,oposição
3f7eab720eb21413985b71742fa82228,2198087,camara,73531,76874,0.125,1,Dep. Ivan Valente,PSOL,SP,camara,oposição,Dep. Marcelo Freixo,PSOL,RJ,camara,oposição
3f7eab720eb21413985b71742fa82228,2198087,camara,74784,134812,0.125,1,Dep. Luiza Erundina,PSOL,SP,camara,oposição,Dep. Edmilson Rodrigues,PSOL,PA,camara,oposição
3f7eab720eb21413985b71742fa82228,2198087,camara,74784,152605,0.125,1,Dep. Luiza Erundina,PSOL,SP,camara,oposição,Dep. Glauber Braga,PSOL,RJ,camara,oposição
3f7eab720eb21413985b71742fa82228,2198087,camara,74784,204407,0.125,1,Dep. Luiza Erundina,PSOL,SP,camara,oposição,Dep. Fernanda Melchionna,PSOL,RS,camara,oposição
3f7eab720eb21413985b71742fa82228,2198087,camara,74784,204464,0.125,1,Dep. Luiza Erundina,PSOL,SP,camara,oposição,Dep. Talíria Petrone,PSOL,RJ,camara,oposição
3f7eab720eb21413985b71742fa82228,2198087,camara,74784,204509,0.125,1,Dep. Luiza Erundina,PSOL,SP,camara,oposição,Dep. Áurea Carolina,PSOL,MG,camara,oposição
3f7eab720eb21413985b71742fa82228,2198087,camara,74784,76874,0.125,1,Dep. Luiza Erundina,PSOL,SP,camara,oposição,Dep. Marcelo Freixo,PSOL,RJ,camara,oposição
3f7eab720eb21413985b71742fa82228,2198087,camara,76874,134812,0.125,1,Dep. Marcelo Freixo,PSOL,RJ,camara,oposição,Dep. Edmilson Rodrigues,PSOL,PA,camara,oposição
3f7eab720eb21413985b71742fa82228,2198087,camara,76874,152605,0.125,1,Dep. Marcelo Freixo,PSOL,RJ,camara,oposição,Dep. Glauber Braga,PSOL,RJ,camara,oposição
3f7eab720eb21413985b71742fa82228,2198087,camara,76874,204407,0.125,1,Dep. Marcelo Freixo,PSOL,RJ,camara,oposição,Dep. Fernanda Melchionna,PSOL,RS,camara,oposição
3f7eab720eb21413985b71742fa82228,2198087,camara,76874,204464,0.125,1,Dep. Marcelo Freixo,PSOL,RJ,camara,oposição,Dep. Talíria Petrone,PSOL,RJ,camara,oposição
3f7eab720eb21413985b71742fa82228,2198087,camara,76874,204509,0.125,1,Dep. Marcelo Freixo,PSOL,RJ,camara,oposição,Dep. Áurea Carolina,PSOL,MG,camara,oposição
40f6bd930b777bfe979231fc48dded07,2266316,camara,134812,152605,0.1,1,Dep. Edmilson Rodrigues,PSOL,PA,camara,oposição,Dep. Glauber Braga,PSOL,RJ,camara,oposição
40f6bd930b777bfe979231fc48dded07,2266316,camara,134812,204407,0.1,1,Dep. Edmilson Rodrigues,PSOL,PA,camara,oposição,Dep. Fernanda Melchionna,PSOL,RS,camara,oposição
40f6bd930b777bfe979231fc48dded07,2266316,camara,134812,204464,0.1,1,Dep. Edmilson Rodrigues,PSOL,PA,camara,oposição,Dep. Talíria Petrone,PSOL,RJ,camara,oposição
40f6bd930b777bfe979231fc48dded07,2266316,camara,134812,204509,0.1,1,Dep. Edmilson Rodrigues,PSOL,PA,camara,oposição,Dep. Áurea Carolina,PSOL,MG,camara,oposição
40f6bd930b777bfe979231fc48dded07,2266316,camara,134812,204535,0.1,1,Dep. Edmilson Rodrigues,PSOL,PA,camara,oposição,Dep. Sâmia Bomfim,PSOL,SP,camara,oposição
40f6bd930b777bfe979231fc48dded07,2266316,camara,134812,205548,0.1,1,Dep. Edmilson Rodrigues,PSOL,PA,camara,oposição,Dep. David Miranda,PSOL,RJ,camara,oposição
40f6bd930b777bfe979231fc48dded07,2266316,camara,152605,204407,0.1,1,Dep. Glauber Braga,PSOL,RJ,camara,oposição,Dep. Fernanda Melchionna,PSOL,RS,camara,oposição
40f6bd930b777bfe979231fc48dded07,2266316,camara,152605,204464,0.1,1,Dep. Glauber Braga,PSOL,RJ,camara,oposição,Dep. Talíria Petrone,PSOL,RJ,camara,oposição
40f6bd930b777bfe979231fc48dded07,2266316,camara,152605,204509,0.1,1,Dep. Glauber Braga,PSOL,RJ,camara,oposição,Dep. Áurea Carolina,PSOL,MG,camara,oposição
40f6bd930b777bfe979231fc48dded07,2266316,camara,152605,204535,0.1,1,Dep. Glauber Braga,PSOL,RJ,camara,oposição,Dep. Sâmia Bomfim,PSOL,SP,camara,oposição
40f6bd930b777bfe979231fc48dded07,2266316,camara,152605,205548,0.1,1,Dep. Glauber Braga,PSOL,RJ,camara,oposição,Dep. David Miranda,PSOL,RJ,camara,oposição
40f6bd930b777bfe979231fc48dded07,2266316,camara,204407,204464,0.1,1,Dep. Fernanda Melchionna,PSOL,RS,camara,oposição,Dep. Talíria Petrone,PSOL,RJ,camara,oposição
40f6bd930b777bfe979231fc48dded07,2266316,camara,204407,204509,0.1,1,Dep. Fernanda Melchionna,PSOL,RS,camara,oposição,Dep. Áurea Carolina,PSOL,MG,camara,oposição
40f6bd930b777bfe979231fc48dded07,2266316,camara,204407,204535,0.1,1,Dep. Fernanda Melchionna,PSOL,RS,camara,oposição,Dep. Sâmia Bomfim,PSOL,SP,camara,oposição
40f6bd930b777bfe979231fc48dded07,2266316,camara,204407,205548,0.1,1,Dep. Fernanda Melchionna,PSOL,RS,camara,oposição,Dep. David Miranda,PSOL,RJ,camara,oposição
40f6bd930b777bfe979231fc48dded07,2266316,camara,204464,204509,0.1,1,Dep. Talíria Petrone,PSOL,RJ,camara,oposição,Dep. Áurea Carolina,PSOL,MG,camara,oposição
40f6bd930b777bfe979231fc48dded07,2266316,camara,204464,204535,0.1,1,Dep. Talíria Petrone,PSOL,RJ,camara,oposição,Dep. Sâmia Bomfim,PSOL,SP,camara,oposição
40f6bd930b777bfe979231fc48dded07,2266316,camara,204464,205548,0.1,1,Dep. Talíria Petrone,PSOL,RJ,camara,oposição,Dep. David Miranda,PSOL,RJ,camara,oposição
40f6bd930b777bfe979231fc48dded07,2266316,camara,204509,204535,0.1,1,Dep. Áurea Carolina,PSOL,MG,camara,oposição,Dep. Sâmia Bomfim,PSOL,SP,camara,oposição
40f6bd930b777bfe979231fc48dded07,2266316,camara,204509,205548,0.1,1,Dep. Áurea Carolina,PSOL,MG,camara,oposição,Dep. David Miranda,PSOL,RJ,camara,oposição
40f6bd930b777bfe979231fc48dded07,2266316,camara,204535,205548,0.1,1,Dep. Sâmia Bomfim,PSOL,SP,camara,oposição,Dep. David Miranda,PSOL,RJ,camara,oposição
40f6bd930b777bfe979231fc48dded07,2266316,camara,73531,134812,0.1,1,Dep. Ivan Valente,PSOL,SP,camara,oposição,Dep. Edmilson Rodrigues,PSOL,PA,camara,oposição
40f6bd930b777bfe979231fc48dded07,2266316,camara,73531,152605,0.1,1,Dep. Ivan Valente,PSOL,SP,camara,oposição,Dep. Glauber Braga,PSOL,RJ,camara,oposição
40f6bd930b777bfe979231fc48dded07,2266316,camara,73531,204407,0.1,1,Dep. Ivan Valente,PSOL,SP,camara,oposição,Dep. Fernanda Melchionna,PSOL,RS,camara,oposição
40f6bd930b777bfe979231fc48dded07,2266316,camara,73531,204464,0.1,1,Dep. Ivan Valente,PSOL,SP,camara,oposição,Dep. Talíria Petrone,PSOL,RJ,camara,oposição
40f6bd930b777bfe979231fc48dded07,2266316,camara,73531,204509,0.1,1,Dep. Ivan Valente,PSOL,SP,camara,oposição,Dep. Áurea Carolina,PSOL,MG,camara,oposição
40f6bd930b777bfe979231fc48dded07,2266316,camara,73531,204535,0.1,1,Dep. Ivan Valente,PSOL,SP,camara,oposição,Dep. Sâmia Bomfim,PSOL,SP,camara,oposição
40f6bd930b777bfe979231fc48dded07,2266316,camara,73531,205548,0.1,1,Dep. Ivan Valente,PSOL,SP,camara,oposição,Dep. David Miranda,PSOL,RJ,camara,oposição
40f6bd930b777bfe979231fc48dded07,2266316,camara,73531,74784,0.1,1,Dep. Ivan Valente,PSOL,SP,camara,oposição,Dep. Luiza Erundina,PSOL,SP,camara,oposição
40f6bd930b777bfe979231fc48dded07,2266316,camara,73531,76874,0.1,1,Dep. Ivan Valente,PSOL,SP,camara,oposição,Dep. Marcelo Freixo,PSOL,RJ,camara,oposição
40f6bd930b777bfe979231fc48dded07,2266316,camara,74784,134812,0.1,1,Dep. Luiza Erundina,PSOL,SP,camara,oposição,Dep. Edmilson Rodrigues,PSOL,PA,camara,oposição
40f6bd930b777bfe979231fc48dded07,2266316,camara,74784,152605,0.1,1,Dep. Luiza Erundina,PSOL,SP,camara,oposição,Dep. Glauber Braga,PSOL,RJ,camara,oposição
40f6bd930b777bfe979231fc48dded07,2266316,camara,74784,204407,0.1,1,Dep. Luiza Erundina,PSOL,SP,camara,oposição,Dep. Fernanda Melchionna,PSOL,RS,camara,oposição
40f6bd930b777bfe979231fc48dded07,2266316,camara,74784,204464,0.1,1,Dep. Luiza Erundina,PSOL,SP,camara,oposição,Dep. Talíria Petrone,PSOL,RJ,camara,oposição
40f6bd930b777bfe979231fc48dded07,2266316,camara,74784,204509,0.1,1,Dep. Luiza Erundina,PSOL,SP,camara,oposição,Dep. Áurea Carolina,PSOL,MG,camara,oposição
40f6bd930b777bfe979231fc48dded07,2266316,camara,74784,204535,0.1,1,Dep. Luiza Erundina,PSOL,SP,camara,oposição,Dep. Sâmia Bomfim,PSOL,SP,camara,oposição
40f6bd930b777bfe979231fc48dded07,2266316,camara,74784,205548,0.1,1,Dep. Luiza Erundina,PSOL,SP,camara,oposição,Dep. David Miranda,PSOL,RJ,camara,oposição
40f6bd930b777bfe979231fc48dded07,2266316,camara,74784,76874,0.1,1,Dep. Luiza Erundina,PSOL,SP,camara,oposição,Dep. Marcelo Freixo,PSOL,RJ,camara,oposição
40f6bd930b777bfe979231fc48dded07,2266316,camara,76874,134812,0.1,1,Dep. Marcelo Freixo,PSOL,RJ,camara,oposição,Dep. Edmilson Rodrigues,PSOL,PA,camara,oposição
40f6bd930b777bfe979231fc48dded07,2266316,camara,76874,152605,0.1,1,Dep. Marcelo Freixo,PSOL,RJ,camara,oposição,Dep. Glauber Braga,PSOL,RJ,camara,oposição
40f6bd930b777bfe979231fc48dded07,2266316,camara,76874,204407,0.1,1,Dep. Marcelo Freixo,PSOL,RJ,camara,oposição,Dep. Fernanda Melchionna,PSOL,RS,camara,oposição
40f6bd930b777bfe979231fc48dded07,2266316,camara,76874,204464,0.1,1,Dep. Marcelo Freixo,PSOL,RJ,camara,oposição,Dep. Talíria Petrone,PSOL,RJ,camara,oposição
40f6bd930b777bfe979231fc48dded07,2266316,camara,76874,204509,0.1,1,Dep. Marcelo Freixo,PSOL,RJ,camara,oposição,Dep. Áurea Carolina,PSOL,MG,camara,oposição
40f6bd930b777bfe979231fc48dded07,2266316,camara,76874,204535,0.1,1,Dep. Marcelo Freixo,PSOL,RJ,camara,oposição,Dep. Sâmia Bomfim,PSOL,SP,camara,oposição
40f6bd930b777bfe979231fc48dded07,2266316,camara,76874,205548,0.1,1,Dep. Marcelo Freixo,PSOL,RJ,camara,oposição,Dep. David Miranda,PSOL,RJ,camara,oposição
4c8eea5dbb0232a3b28c1cfc4464ffc5,2202983,camara,204495,204495,1,1,Dep. Airton Faleiro,PT,PA,camara,oposição,Dep. Airton Faleiro,PT,PA,camara,oposição
4ee4f8ef2d5c6158f551268de50b3e5c,2220973,camara,109429,109429,1,1,Dep. Benes Leocádio,PRB,RN,camara,governo,Dep. Benes Leocádio,PRB,RN,camara,governo
4ee4f8ef2d5c6158f551268de50b3e5c,2220973,camara,204463,204463,1,1,Dep. Wladimir Garotinho,PSD,RJ,camara,governo,Dep. Wladimir Garotinho,PSD,RJ,camara,governo
502981994eea39cc5219deed51de3b53,2205388,camara,141470,141470,1,1,Dep. José Guimarães,PT,CE,camara,oposição,Dep. José Guimarães,PT,CE,camara,oposição
502981994eea39cc5219deed51de3b53,2205388,camara,160511,160511,1,1,Dep. Alessandro Molon,PSB,RJ,camara,oposição,Dep. Alessandro Molon,PSB,RJ,camara,oposição
502981994eea39cc5219deed51de3b53,2205388,camara,204468,204468,3,3,Dep. Joenia Wapichana,REDE,RR,camara,oposição,Dep. Joenia Wapichana,REDE,RR,camara,oposição
502981994eea39cc5219deed51de3b53,2205388,camara,204488,204488,1,1,Dep. Célio Studart,PV,CE,camara,governo,Dep. Célio Studart,PV,CE,camara,governo
502981994eea39cc5219deed51de3b53,2205388,camara,204517,204517,1,1,Dep. Zé Vitor,PL,MG,camara,governo,Dep. Zé Vitor,PL,MG,camara,governo
502981994eea39cc5219deed51de3b53,2205388,camara,204530,204530,1,1,Dep. Rodrigo Agostinho,PSB,SP,camara,oposição,Dep. Rodrigo Agostinho,PSB,SP,camara,oposição
502981994eea39cc5219deed51de3b53,2205388,camara,73531,73531,1,1,Dep. Ivan Valente,PSOL,SP,camara,oposição,Dep. Ivan Valente,PSOL,SP,camara,oposição
502981994eea39cc5219deed51de3b53,2205388,camara,74156,178986,0.3333333333333333,1,Dep. Leonardo Monteiro,PT,MG,camara,oposição,Dep. Nilto Tatto,PT,SP,camara,oposição
502981994eea39cc5219deed51de3b53,2205388,camara,74156,74400,0.3333333333333333,1,Dep. Leonardo Monteiro,PT,MG,camara,oposição,Dep. Paulo Pimenta,PT,RS,camara,oposição
502981994eea39cc5219deed51de3b53,2205388,camara,74400,178986,0.3333333333333333,1,Dep. Paulo Pimenta,PT,RS,camara,oposição,Dep. Nilto Tatto,PT,SP,camara,oposição
502981994eea39cc5219deed51de3b53,2205388,camara,74848,74848,1,1,Dep. Jandira Feghali,PCdoB,RJ,camara,oposição,Dep. Jandira Feghali,PCdoB,RJ,camara,oposição
529c280eae5cf7593df4bb05f40ca70d,2252052,camara,198197,198197,1,1,Dep. Greyce Elias,AVANTE,MG,camara,governo,Dep. Greyce Elias,AVANTE,MG,camara,governo
529f5b79017039276e19442b56fb302d,2259673,camara,141470,141470,1,1,Dep. José Guimarães,PT,CE,camara,oposição,Dep. José Guimarães,PT,CE,camara,oposição
558afde1d19415eca8b1cdae6e641693,2205833,camara,74156,178986,0.3333333333333333,1,Dep. Leonardo Monteiro,PT,MG,camara,oposição,Dep. Nilto Tatto,PT,SP,camara,oposição
558afde1d19415eca8b1cdae6e641693,2205833,camara,74156,74400,0.3333333333333333,1,Dep. Leonardo Monteiro,PT,MG,camara,oposição,Dep. Paulo Pimenta,PT,RS,camara,oposição
558afde1d19415eca8b1cdae6e641693,2205833,camara,74400,178986,0.3333333333333333,1,Dep. Paulo Pimenta,PT,RS,camara,oposição,Dep. Nilto Tatto,PT,SP,camara,oposição
6451fa03d28215f7c2f0022958ce052a,2259427,camara,141470,141470,1,1,Dep. José Guimarães,PT,CE,camara,oposição,Dep. José Guimarães,PT,CE,camara,oposição
69ce86e60371e2a75e38223f04517519,2237358,camara,204495,204555,0.5,1,Dep. Airton Faleiro,PT,PA,camara,oposição,Dep. José Ricardo,PT,AM,camara,oposição
6a38b246ad96596e6a94a33eba950454,2197956,camara,134812,152605,0.125,1,Dep. Edmilson Rodrigues,PSOL,PA,camara,oposição,Dep. Glauber Braga,PSOL,RJ,camara,oposição
6a38b246ad96596e6a94a33eba950454,2197956,camara,134812,204407,0.125,1,Dep. Edmilson Rodrigues,PSOL,PA,camara,oposição,Dep. Fernanda Melchionna,PSOL,RS,camara,oposição
6a38b246ad96596e6a94a33eba950454,2197956,camara,134812,204464,0.125,1,Dep. Edmilson Rodrigues,PSOL,PA,camara,oposição,Dep. Talíria Petrone,PSOL,RJ,camara,oposição
6a38b246ad96596e6a94a33eba950454,2197956,camara,134812,204509,0.125,1,Dep. Edmilson Rodrigues,PSOL,PA,camara,oposição,Dep. Áurea Carolina,PSOL,MG,camara,oposição
6a38b246ad96596e6a94a33eba950454,2197956,camara,141470,141470,1,1,Dep. José Guimarães,PT,CE,camara,oposição,Dep. José Guimarães,PT,CE,camara,oposição
6a38b246ad96596e6a94a33eba950454,2197956,camara,152605,204407,0.125,1,Dep. Glauber Braga,PSOL,RJ,camara,oposição,Dep. Fernanda Melchionna,PSOL,RS,camara,oposição
6a38b246ad96596e6a94a33eba950454,2197956,camara,152605,204464,0.125,1,Dep. Glauber Braga,PSOL,RJ,camara,oposição,Dep. Talíria Petrone,PSOL,RJ,camara,oposição
6a38b246ad96596e6a94a33eba950454,2197956,camara,152605,204509,0.125,1,Dep. Glauber Braga,PSOL,RJ,camara,oposição,Dep. Áurea Carolina,PSOL,MG,camara,oposição
6a38b246ad96596e6a94a33eba950454,2197956,camara,178873,178873,1,1,Dep. Helder Salomão,PT,ES,camara,oposição,Dep. Helder Salomão,PT,ES,camara,oposição
6a38b246ad96596e6a94a33eba950454,2197956,camara,178986,178986,1,1,Dep. Nilto Tatto,PT,SP,camara,oposição,Dep. Nilto Tatto,PT,SP,camara,oposição
6a38b246ad96596e6a94a33eba950454,2197956,camara,204352,204352,1,1,Dep. Camilo Capiberibe,PSB,AP,camara,oposição,Dep. Camilo Capiberibe,PSB,AP,camara,oposição
6a38b246ad96596e6a94a33eba950454,2197956,camara,204407,204464,0.125,1,Dep. Fernanda Melchionna,PSOL,RS,camara,oposição,Dep. Talíria Petrone,PSOL,RJ,camara,oposição
6a38b246ad96596e6a94a33eba950454,2197956,camara,204407,204509,0.125,1,Dep. Fernanda Melchionna,PSOL,RS,camara,oposição,Dep. Áurea Carolina,PSOL,MG,camara,oposição
6a38b246ad96596e6a94a33eba950454,2197956,camara,204464,204509,0.125,1,Dep. Talíria Petrone,PSOL,RJ,camara,oposição,Dep. Áurea Carolina,PSOL,MG,camara,oposição
6a38b246ad96596e6a94a33eba950454,2197956,camara,73531,134812,0.125,1,Dep. Ivan Valente,PSOL,SP,camara,oposição,Dep. Edmilson Rodrigues,PSOL,PA,camara,oposição
6a38b246ad96596e6a94a33eba950454,2197956,camara,73531,152605,0.125,1,Dep. Ivan Valente,PSOL,SP,camara,oposição,Dep. Glauber Braga,PSOL,RJ,camara,oposição
6a38b246ad96596e6a94a33eba950454,2197956,camara,73531,204407,0.125,1,Dep. Ivan Valente,PSOL,SP,camara,oposição,Dep. Fernanda Melchionna,PSOL,RS,camara,oposição
6a38b246ad96596e6a94a33eba950454,2197956,camara,73531,204464,0.125,1,Dep. Ivan Valente,PSOL,SP,camara,oposição,Dep. Talíria Petrone,PSOL,RJ,camara,oposição
6a38b246ad96596e6a94a33eba950454,2197956,camara,73531,204509,0.125,1,Dep. Ivan Valente,PSOL,SP,camara,oposição,Dep. Áurea Carolina,PSOL,MG,camara,oposição
6a38b246ad96596e6a94a33eba950454,2197956,camara,73531,74784,0.125,1,Dep. Ivan Valente,PSOL,SP,camara,oposição,Dep. Luiza Erundina,PSOL,SP,camara,oposição
6a38b246ad96596e6a94a33eba950454,2197956,camara,73531,76874,0.125,1,Dep. Ivan Valente,PSOL,SP,camara,oposição,Dep. Marcelo Freixo,PSOL,RJ,camara,oposição
6a38b246ad96596e6a94a33eba950454,2197956,camara,74784,134812,0.125,1,Dep. Luiza Erundina,PSOL,SP,camara,oposição,Dep. Edmilson Rodrigues,PSOL,PA,camara,oposição
6a38b246ad96596e6a94a33eba950454,2197956,camara,74784,152605,0.125,1,Dep. Luiza Erundina,PSOL,SP,camara,oposição,Dep. Glauber Braga,PSOL,RJ,camara,oposição
6a38b246ad96596e6a94a33eba950454,2197956,camara,74784,204407,0.125,1,Dep. Luiza Erundina,PSOL,SP,camara,oposição,Dep. Fernanda Melchionna,PSOL,RS,camara,oposição
6a38b246ad96596e6a94a33eba950454,2197956,camara,74784,204464,0.125,1,Dep. Luiza Erundina,PSOL,SP,camara,oposição,Dep. Talíria Petrone,PSOL,RJ,camara,oposição
6a38b246ad96596e6a94a33eba950454,2197956,camara,74784,204509,0.125,1,Dep. Luiza Erundina,PSOL,SP,camara,oposição,Dep. Áurea Carolina,PSOL,MG,camara,oposição
6a38b246ad96596e6a94a33eba950454,2197956,camara,74784,76874,0.125,1,Dep. Luiza Erundina,PSOL,SP,camara,oposição,Dep. Marcelo Freixo,PSOL,RJ,camara,oposição
6a38b246ad96596e6a94a33eba950454,2197956,camara,76874,134812,0.125,1,Dep. Marcelo Freixo,PSOL,RJ,camara,oposição,Dep. Edmilson Rodrigues,PSOL,PA,camara,oposição
6a38b246ad96596e6a94a33eba950454,2197956,camara,76874,152605,0.125,1,Dep. Marcelo Freixo,PSOL,RJ,camara,oposição,Dep. Glauber Braga,PSOL,RJ,camara,oposição
6a38b246ad96596e6a94a33eba950454,2197956,camara,76874,204407,0.125,1,Dep. Marcelo Freixo,PSOL,RJ,camara,oposição,Dep. Fernanda Melchionna,PSOL,RS,camara,oposição
6a38b246ad96596e6a94a33eba950454,2197956,camara,76874,204464,0.125,1,Dep. Marcelo Freixo,PSOL,RJ,camara,oposição,Dep. Talíria Petrone,PSOL,RJ,camara,oposição
6a38b246ad96596e6a94a33eba950454,2197956,camara,76874,204509,0.125,1,Dep. Marcelo Freixo,PSOL,RJ,camara,oposição,Dep. Áurea Carolina,PSOL,MG,camara,oposição
6d4bd96c8a8dffe066718503d82ec4a0,2263453,camara,132504,141470,0.1111111111111111,1,Dep. Enio Verri,PT,NA,camara,oposição,Dep. José Guimarães,PT,CE,camara,oposição
6d4bd96c8a8dffe066718503d82ec4a0,2263453,camara,132504,141488,0.1111111111111111,1,Dep. Enio Verri,PT,NA,camara,oposição,Dep. Paulo Teixeira,PT,SP,camara,oposição
6d4bd96c8a8dffe066718503d82ec4a0,2263453,camara,132504,157130,0.1111111111111111,1,Dep. Enio Verri,PT,NA,camara,oposição,Dep. Túlio Gadêlha,PDT,PE,camara,oposição
6d4bd96c8a8dffe066718503d82ec4a0,2263453,camara,132504,160508,0.1111111111111111,1,Dep. Enio Verri,PT,NA,camara,oposição,Dep. Afonso Florence,PT,BA,camara,oposição
6d4bd96c8a8dffe066718503d82ec4a0,2263453,camara,132504,204426,0.1111111111111111,1,Dep. Enio Verri,PT,NA,camara,oposição,Dep. Carlos Veras,PT,PE,camara,oposição
6d4bd96c8a8dffe066718503d82ec4a0,2263453,camara,132504,204429,0.1111111111111111,1,Dep. Enio Verri,PT,NA,camara,oposição,Dep. João H. Campos,PSB,PE,camara,oposição
6d4bd96c8a8dffe066718503d82ec4a0,2263453,camara,141470,141488,0.1111111111111111,1,Dep. José Guimarães,PT,CE,camara,oposição,Dep. Paulo Teixeira,PT,SP,camara,oposição
6d4bd96c8a8dffe066718503d82ec4a0,2263453,camara,141470,157130,0.1111111111111111,1,Dep. José Guimarães,PT,CE,camara,oposição,Dep. Túlio Gadêlha,PDT,PE,camara,oposição
6d4bd96c8a8dffe066718503d82ec4a0,2263453,camara,141470,160508,0.1111111111111111,1,Dep. José Guimarães,PT,CE,camara,oposição,Dep. Afonso Florence,PT,BA,camara,oposição
6d4bd96c8a8dffe066718503d82ec4a0,2263453,camara,141470,204426,0.1111111111111111,1,Dep. José Guimarães,PT,CE,camara,oposição,Dep. Carlos Veras,PT,PE,camara,oposição
6d4bd96c8a8dffe066718503d82ec4a0,2263453,camara,141470,204429,0.1111111111111111,1,Dep. José Guimarães,PT,CE,camara,oposição,Dep. João H. Campos,PSB,PE,camara,oposição
6d4bd96c8a8dffe066718503d82ec4a0,2263453,camara,141488,157130,0.1111111111111111,1,Dep. Paulo Teixeira,PT,SP,camara,oposição,Dep. Túlio Gadêlha,PDT,PE,camara,oposição
6d4bd96c8a8dffe066718503d82ec4a0,2263453,camara,141488,160508,0.1111111111111111,1,Dep. Paulo Teixeira,PT,SP,camara,oposição,Dep. Afonso Florence,PT,BA,camara,oposição
6d4bd96c8a8dffe066718503d82ec4a0,2263453,camara,141488,204426,0.1111111111111111,1,Dep. Paulo Teixeira,PT,SP,camara,oposição,Dep. Carlos Veras,PT,PE,camara,oposição
6d4bd96c8a8dffe066718503d82ec4a0,2263453,camara,141488,204429,0.1111111111111111,1,Dep. Paulo Teixeira,PT,SP,camara,oposição,Dep. João H. Campos,PSB,PE,camara,oposição
6d4bd96c8a8dffe066718503d82ec4a0,2263453,camara,157130,160508,0.1111111111111111,1,Dep. Túlio Gadêlha,PDT,PE,camara,oposição,Dep. Afonso Florence,PT,BA,camara,oposição
6d4bd96c8a8dffe066718503d82ec4a0,2263453,camara,157130,204426,0.1111111111111111,1,Dep. Túlio Gadêlha,PDT,PE,camara,oposição,Dep. Carlos Veras,PT,PE,camara,oposição
6d4bd96c8a8dffe066718503d82ec4a0,2263453,camara,157130,204429,0.1111111111111111,1,Dep. Túlio Gadêlha,PDT,PE,camara,oposição,Dep. João H. Campos,PSB,PE,camara,oposição
6d4bd96c8a8dffe066718503d82ec4a0,2263453,camara,160508,204426,0.1111111111111111,1,Dep. Afonso Florence,PT,BA,camara,oposição,Dep. Carlos Veras,PT,PE,camara,oposição
6d4bd96c8a8dffe066718503d82ec4a0,2263453,camara,160508,204429,0.1111111111111111,1,Dep. Afonso Florence,PT,BA,camara,oposição,Dep. João H. Campos,PSB,PE,camara,oposição
6d4bd96c8a8dffe066718503d82ec4a0,2263453,camara,204426,204429,0.1111111111111111,1,Dep. Carlos Veras,PT,PE,camara,oposição,Dep. João H. Campos,PSB,PE,camara,oposição
6d4bd96c8a8dffe066718503d82ec4a0,2263453,camara,74848,132504,0.1111111111111111,1,Dep. Jandira Feghali,PCdoB,RJ,camara,oposição,Dep. Enio Verri,PT,NA,camara,oposição
6d4bd96c8a8dffe066718503d82ec4a0,2263453,camara,74848,141470,0.1111111111111111,1,Dep. Jandira Feghali,PCdoB,RJ,camara,oposição,Dep. José Guimarães,PT,CE,camara,oposição
6d4bd96c8a8dffe066718503d82ec4a0,2263453,camara,74848,141488,0.1111111111111111,1,Dep. Jandira Feghali,PCdoB,RJ,camara,oposição,Dep. Paulo Teixeira,PT,SP,camara,oposição
6d4bd96c8a8dffe066718503d82ec4a0,2263453,camara,74848,157130,0.1111111111111111,1,Dep. Jandira Feghali,PCdoB,RJ,camara,oposição,Dep. Túlio Gadêlha,PDT,PE,camara,oposição
6d4bd96c8a8dffe066718503d82ec4a0,2263453,camara,74848,160508,0.1111111111111111,1,Dep. Jandira Feghali,PCdoB,RJ,camara,oposição,Dep. Afonso Florence,PT,BA,camara,oposição
6d4bd96c8a8dffe066718503d82ec4a0,2263453,camara,74848,204426,0.1111111111111111,1,Dep. Jandira Feghali,PCdoB,RJ,camara,oposição,Dep. Carlos Veras,PT,PE,camara,oposição
6d4bd96c8a8dffe066718503d82ec4a0,2263453,camara,74848,204429,0.1111111111111111,1,Dep. Jandira Feghali,PCdoB,RJ,camara,oposição,Dep. João H. Campos,PSB,PE,camara,oposição
6d4bd96c8a8dffe066718503d82ec4a0,2263453,camara,74848,76874,0.1111111111111111,1,Dep. Jandira Feghali,PCdoB,RJ,camara,oposição,Dep. Marcelo Freixo,PSOL,RJ,camara,oposição
6d4bd96c8a8dffe066718503d82ec4a0,2263453,camara,76874,132504,0.1111111111111111,1,Dep. Marcelo Freixo,PSOL,RJ,camara,oposição,Dep. Enio Verri,PT,NA,camara,oposição
6d4bd96c8a8dffe066718503d82ec4a0,2263453,camara,76874,141470,0.1111111111111111,1,Dep. Marcelo Freixo,PSOL,RJ,camara,oposição,Dep. José Guimarães,PT,CE,camara,oposição
6d4bd96c8a8dffe066718503d82ec4a0,2263453,camara,76874,141488,0.1111111111111111,1,Dep. Marcelo Freixo,PSOL,RJ,camara,oposição,Dep. Paulo Teixeira,PT,SP,camara,oposição
6d4bd96c8a8dffe066718503d82ec4a0,2263453,camara,76874,157130,0.1111111111111111,1,Dep. Marcelo Freixo,PSOL,RJ,camara,oposição,Dep. Túlio Gadêlha,PDT,PE,camara,oposição
6d4bd96c8a8dffe066718503d82ec4a0,2263453,camara,76874,160508,0.1111111111111111,1,Dep. Marcelo Freixo,PSOL,RJ,camara,oposição,Dep. Afonso Florence,PT,BA,camara,oposição
6d4bd96c8a8dffe066718503d82ec4a0,2263453,camara,76874,204426,0.1111111111111111,1,Dep. Marcelo Freixo,PSOL,RJ,camara,oposição,Dep. Carlos Veras,PT,PE,camara,oposição
6d4bd96c8a8dffe066718503d82ec4a0,2263453,camara,76874,204429,0.1111111111111111,1,Dep. Marcelo Freixo,PSOL,RJ,camara,oposição,Dep. João H. Campos,PSB,PE,camara,oposição
713ca8ed8c3258690cad718b9544366e,2229142,camara,160531,160531,1,1,Dep. Jhonatan De Jesus,PRB,RR,camara,governo,Dep. Jhonatan De Jesus,PRB,RR,camara,governo
713ca8ed8c3258690cad718b9544366e,2229142,camara,204495,204495,1,1,Dep. Airton Faleiro,PT,PA,camara,oposição,Dep. Airton Faleiro,PT,PA,camara,oposição
713ca8ed8c3258690cad718b9544366e,2229142,camara,204556,204556,1,1,Dep. Marcelo Ramos,PL,AM,camara,governo,Dep. Marcelo Ramos,PL,AM,camara,governo
787b90cdbc371525728eb762d5eef6b4,2205373,camara,160511,160511,1,1,Dep. Alessandro Molon,PSB,RJ,camara,oposição,Dep. Alessandro Molon,PSB,RJ,camara,oposição
7c60c15853aef3104b97293007c5d07e,2236932,camara,204407,204407,1,1,Dep. Fernanda Melchionna,PSOL,RS,camara,oposição,Dep. Fernanda Melchionna,PSOL,RS,camara,oposição
7e43c009872e194c5b1221e32cc4aa20,2236893,camara,204534,204534,1,1,Dep. Tabata Amaral,PDT,SP,camara,oposição,Dep. Tabata Amaral,PDT,SP,camara,oposição
91221c629c992a78527e99ad35f6f06b,2259680,camara,204415,204415,1,1,Dep. Nereu Crispim,PSL,RS,camara,governo,Dep. Nereu Crispim,PSL,RS,camara,governo
91230886ffed18167c50e71962e393c0,2218244,camara,160535,160535,1,1,Dep. Marcon,PT,RS,camara,oposição,Dep. Marcon,PT,RS,camara,oposição
95a3ca957f9109c578c17f6a23a471e1,2263448,camara,132504,141470,0.1111111111111111,1,Dep. Enio Verri,PT,NA,camara,oposição,Dep. José Guimarães,PT,CE,camara,oposição
95a3ca957f9109c578c17f6a23a471e1,2263448,camara,132504,141488,0.1111111111111111,1,Dep. Enio Verri,PT,NA,camara,oposição,Dep. Paulo Teixeira,PT,SP,camara,oposição
95a3ca957f9109c578c17f6a23a471e1,2263448,camara,132504,157130,0.1111111111111111,1,Dep. Enio Verri,PT,NA,camara,oposição,Dep. Túlio Gadêlha,PDT,PE,camara,oposição
95a3ca957f9109c578c17f6a23a471e1,2263448,camara,132504,160508,0.1111111111111111,1,Dep. Enio Verri,PT,NA,camara,oposição,Dep. Afonso Florence,PT,BA,camara,oposição
95a3ca957f9109c578c17f6a23a471e1,2263448,camara,132504,160511,0.1,1,Dep. Enio Verri,PT,NA,camara,oposição,Dep. Alessandro Molon,PSB,RJ,camara,oposição
95a3ca957f9109c578c17f6a23a471e1,2263448,camara,132504,160535,0.1,1,Dep. Enio Verri,PT,NA,camara,oposição,Dep. Marcon,PT,RS,camara,oposição
95a3ca957f9109c578c17f6a23a471e1,2263448,camara,132504,160541,0.1,1,Dep. Enio Verri,PT,NA,camara,oposição,Dep. Arthur Lira,PP,AL,camara,governo
95a3ca957f9109c578c17f6a23a471e1,2263448,camara,132504,160575,0.1,1,Dep. Enio Verri,PT,NA,camara,oposição,Dep. Erika Kokay,PT,DF,camara,oposição
95a3ca957f9109c578c17f6a23a471e1,2263448,camara,132504,178986,0.1,1,Dep. Enio Verri,PT,NA,camara,oposição,Dep. Nilto Tatto,PT,SP,camara,oposição
95a3ca957f9109c578c17f6a23a471e1,2263448,camara,132504,204426,0.1111111111111111,1,Dep. Enio Verri,PT,NA,camara,oposição,Dep. Carlos Veras,PT,PE,camara,oposição
95a3ca957f9109c578c17f6a23a471e1,2263448,camara,132504,204429,0.1111111111111111,1,Dep. Enio Verri,PT,NA,camara,oposição,Dep. João H. Campos,PSB,PE,camara,oposição
95a3ca957f9109c578c17f6a23a471e1,2263448,camara,132504,204535,0.1,1,Dep. Enio Verri,PT,NA,camara,oposição,Dep. Sâmia Bomfim,PSOL,SP,camara,oposição
95a3ca957f9109c578c17f6a23a471e1,2263448,camara,132504,209189,0.1,1,Dep. Enio Verri,PT,NA,camara,oposição,Dep. Joseildo Ramos,PT,BA,camara,oposição
95a3ca957f9109c578c17f6a23a471e1,2263448,camara,134812,152605,0.2111111111111111,2,Dep. Edmilson Rodrigues,PSOL,PA,camara,oposição,Dep. Glauber Braga,PSOL,RJ,camara,oposição
95a3ca957f9109c578c17f6a23a471e1,2263448,camara,134812,204407,0.3222222222222222,3,Dep. Edmilson Rodrigues,PSOL,PA,camara,oposição,Dep. Fernanda Melchionna,PSOL,RS,camara,oposição
95a3ca957f9109c578c17f6a23a471e1,2263448,camara,134812,204464,0.3222222222222222,3,Dep. Edmilson Rodrigues,PSOL,PA,camara,oposição,Dep. Talíria Petrone,PSOL,RJ,camara,oposição
95a3ca957f9109c578c17f6a23a471e1,2263448,camara,134812,204509,0.2111111111111111,2,Dep. Edmilson Rodrigues,PSOL,PA,camara,oposição,Dep. Áurea Carolina,PSOL,MG,camara,oposição
95a3ca957f9109c578c17f6a23a471e1,2263448,camara,134812,204535,0.3222222222222222,3,Dep. Edmilson Rodrigues,PSOL,PA,camara,oposição,Dep. Sâmia Bomfim,PSOL,SP,camara,oposição
95a3ca957f9109c578c17f6a23a471e1,2263448,camara,134812,205548,0.3222222222222222,3,Dep. Edmilson Rodrigues,PSOL,PA,camara,oposição,Dep. David Miranda,PSOL,RJ,camara,oposição
95a3ca957f9109c578c17f6a23a471e1,2263448,camara,141470,141488,0.1111111111111111,1,Dep. José Guimarães,PT,CE,camara,oposição,Dep. Paulo Teixeira,PT,SP,camara,oposição
95a3ca957f9109c578c17f6a23a471e1,2263448,camara,141470,157130,0.1111111111111111,1,Dep. José Guimarães,PT,CE,camara,oposição,Dep. Túlio Gadêlha,PDT,PE,camara,oposição
95a3ca957f9109c578c17f6a23a471e1,2263448,camara,141470,160508,0.1111111111111111,1,Dep. José Guimarães,PT,CE,camara,oposição,Dep. Afonso Florence,PT,BA,camara,oposição
95a3ca957f9109c578c17f6a23a471e1,2263448,camara,141470,204426,0.1111111111111111,1,Dep. José Guimarães,PT,CE,camara,oposição,Dep. Carlos Veras,PT,PE,camara,oposição
95a3ca957f9109c578c17f6a23a471e1,2263448,camara,141470,204429,0.1111111111111111,1,Dep. José Guimarães,PT,CE,camara,oposição,Dep. João H. Campos,PSB,PE,camara,oposição
95a3ca957f9109c578c17f6a23a471e1,2263448,camara,141488,157130,0.1111111111111111,1,Dep. Paulo Teixeira,PT,SP,camara,oposição,Dep. Túlio Gadêlha,PDT,PE,camara,oposição
95a3ca957f9109c578c17f6a23a471e1,2263448,camara,141488,160508,0.1111111111111111,1,Dep. Paulo Teixeira,PT,SP,camara,oposição,Dep. Afonso Florence,PT,BA,camara,oposição
95a3ca957f9109c578c17f6a23a471e1,2263448,camara,141488,204426,0.1111111111111111,1,Dep. Paulo Teixeira,PT,SP,camara,oposição,Dep. Carlos Veras,PT,PE,camara,oposição
95a3ca957f9109c578c17f6a23a471e1,2263448,camara,141488,204429,0.1111111111111111,1,Dep. Paulo Teixeira,PT,SP,camara,oposição,Dep. João H. Campos,PSB,PE,camara,oposição
95a3ca957f9109c578c17f6a23a471e1,2263448,camara,152605,204407,0.2111111111111111,2,Dep. Glauber Braga,PSOL,RJ,camara,oposição,Dep. Fernanda Melchionna,PSOL,RS,camara,oposição
95a3ca957f9109c578c17f6a23a471e1,2263448,camara,152605,204464,0.2111111111111111,2,Dep. Glauber Braga,PSOL,RJ,camara,oposição,Dep. Talíria Petrone,PSOL,RJ,camara,oposição
95a3ca957f9109c578c17f6a23a471e1,2263448,camara,152605,204509,0.1,1,Dep. Glauber Braga,PSOL,RJ,camara,oposição,Dep. Áurea Carolina,PSOL,MG,camara,oposição
95a3ca957f9109c578c17f6a23a471e1,2263448,camara,152605,204535,0.2111111111111111,2,Dep. Glauber Braga,PSOL,RJ,camara,oposição,Dep. Sâmia Bomfim,PSOL,SP,camara,oposição
95a3ca957f9109c578c17f6a23a471e1,2263448,camara,152605,205548,0.2111111111111111,2,Dep. Glauber Braga,PSOL,RJ,camara,oposição,Dep. David Miranda,PSOL,RJ,camara,oposição
95a3ca957f9109c578c17f6a23a471e1,2263448,camara,157130,160508,0.1111111111111111,1,Dep. Túlio Gadêlha,PDT,PE,camara,oposição,Dep. Afonso Florence,PT,BA,camara,oposição
95a3ca957f9109c578c17f6a23a471e1,2263448,camara,157130,204426,0.1111111111111111,1,Dep. Túlio Gadêlha,PDT,PE,camara,oposição,Dep. Carlos Veras,PT,PE,camara,oposição
95a3ca957f9109c578c17f6a23a471e1,2263448,camara,157130,204429,0.1111111111111111,1,Dep. Túlio Gadêlha,PDT,PE,camara,oposição,Dep. João H. Campos,PSB,PE,camara,oposição
95a3ca957f9109c578c17f6a23a471e1,2263448,camara,160508,204426,0.1111111111111111,1,Dep. Afonso Florence,PT,BA,camara,oposição,Dep. Carlos Veras,PT,PE,camara,oposição
95a3ca957f9109c578c17f6a23a471e1,2263448,camara,160508,204429,0.1111111111111111,1,Dep. Afonso Florence,PT,BA,camara,oposição,Dep. João H. Campos,PSB,PE,camara,oposição
95a3ca957f9109c578c17f6a23a471e1,2263448,camara,160511,160535,0.1,1,Dep. Alessandro Molon,PSB,RJ,camara,oposição,Dep. Marcon,PT,RS,camara,oposição
95a3ca957f9109c578c17f6a23a471e1,2263448,camara,160511,160541,0.1,1,Dep. Alessandro Molon,PSB,RJ,camara,oposição,Dep. Arthur Lira,PP,AL,camara,governo
95a3ca957f9109c578c17f6a23a471e1,2263448,camara,160511,160575,0.1,1,Dep. Alessandro Molon,PSB,RJ,camara,oposição,Dep. Erika Kokay,PT,DF,camara,oposição
95a3ca957f9109c578c17f6a23a471e1,2263448,camara,160511,178986,0.1,1,Dep. Alessandro Molon,PSB,RJ,camara,oposição,Dep. Nilto Tatto,PT,SP,camara,oposição
95a3ca957f9109c578c17f6a23a471e1,2263448,camara,160511,204535,0.1,1,Dep. Alessandro Molon,PSB,RJ,camara,oposição,Dep. Sâmia Bomfim,PSOL,SP,camara,oposição
95a3ca957f9109c578c17f6a23a471e1,2263448,camara,160511,209189,0.1,1,Dep. Alessandro Molon,PSB,RJ,camara,oposição,Dep. Joseildo Ramos,PT,BA,camara,oposição
95a3ca957f9109c578c17f6a23a471e1,2263448,camara,160535,160541,0.1,1,Dep. Marcon,PT,RS,camara,oposição,Dep. Arthur Lira,PP,AL,camara,governo
95a3ca957f9109c578c17f6a23a471e1,2263448,camara,160535,160575,0.1,1,Dep. Marcon,PT,RS,camara,oposição,Dep. Erika Kokay,PT,DF,camara,oposição
95a3ca957f9109c578c17f6a23a471e1,2263448,camara,160535,178986,0.1,1,Dep. Marcon,PT,RS,camara,oposição,Dep. Nilto Tatto,PT,SP,camara,oposição
95a3ca957f9109c578c17f6a23a471e1,2263448,camara,160535,204535,0.1,1,Dep. Marcon,PT,RS,camara,oposição,Dep. Sâmia Bomfim,PSOL,SP,camara,oposição
95a3ca957f9109c578c17f6a23a471e1,2263448,camara,160535,209189,0.1,1,Dep. Marcon,PT,RS,camara,oposição,Dep. Joseildo Ramos,PT,BA,camara,oposição
95a3ca957f9109c578c17f6a23a471e1,2263448,camara,160541,160575,0.1,1,Dep. Arthur Lira,PP,AL,camara,governo,Dep. Erika Kokay,PT,DF,camara,oposição
95a3ca957f9109c578c17f6a23a471e1,2263448,camara,160541,178986,0.1,1,Dep. Arthur Lira,PP,AL,camara,governo,Dep. Nilto Tatto,PT,SP,camara,oposição
95a3ca957f9109c578c17f6a23a471e1,2263448,camara,160541,204535,0.1,1,Dep. Arthur Lira,PP,AL,camara,governo,Dep. Sâmia Bomfim,PSOL,SP,camara,oposição
95a3ca957f9109c578c17f6a23a471e1,2263448,camara,160541,209189,0.1,1,Dep. Arthur Lira,PP,AL,camara,governo,Dep. Joseildo Ramos,PT,BA,camara,oposição
95a3ca957f9109c578c17f6a23a471e1,2263448,camara,160575,178986,0.1,1,Dep. Erika Kokay,PT,DF,camara,oposição,Dep. Nilto Tatto,PT,SP,camara,oposição
95a3ca957f9109c578c17f6a23a471e1,2263448,camara,160575,204535,0.1,1,Dep. Erika Kokay,PT,DF,camara,oposição,Dep. Sâmia Bomfim,PSOL,SP,camara,oposição
95a3ca957f9109c578c17f6a23a471e1,2263448,camara,160575,209189,0.1,1,Dep. Erika Kokay,PT,DF,camara,oposição,Dep. Joseildo Ramos,PT,BA,camara,oposição
95a3ca957f9109c578c17f6a23a471e1,2263448,camara,178986,178986,1,1,Dep. Nilto Tatto,PT,SP,camara,oposição,Dep. Nilto Tatto,PT,SP,camara,oposição
95a3ca957f9109c578c17f6a23a471e1,2263448,camara,178986,204535,0.1,1,Dep. Nilto Tatto,PT,SP,camara,oposição,Dep. Sâmia Bomfim,PSOL,SP,camara,oposição
95a3ca957f9109c578c17f6a23a471e1,2263448,camara,178986,209189,0.1,1,Dep. Nilto Tatto,PT,SP,camara,oposição,Dep. Joseildo Ramos,PT,BA,camara,oposição
95a3ca957f9109c578c17f6a23a471e1,2263448,camara,204383,204467,0.3333333333333333,1,Dep. Professor Israel Batista,PV,DF,camara,governo,Dep. Professora Rosa Neide,PT,MT,camara,oposição
95a3ca957f9109c578c17f6a23a471e1,2263448,camara,204383,204488,0.3333333333333333,1,Dep. Professor Israel Batista,PV,DF,camara,governo,Dep. Célio Studart,PV,CE,camara,governo
95a3ca957f9109c578c17f6a23a471e1,2263448,camara,204407,204464,0.3222222222222222,3,Dep. Fernanda Melchionna,PSOL,RS,camara,oposição,Dep. Talíria Petrone,PSOL,RJ,camara,oposição
95a3ca957f9109c578c17f6a23a471e1,2263448,camara,204407,204509,0.2111111111111111,2,Dep. Fernanda Melchionna,PSOL,RS,camara,oposição,Dep. Áurea Carolina,PSOL,MG,camara,oposição
95a3ca957f9109c578c17f6a23a471e1,2263448,camara,204407,204535,0.3222222222222222,3,Dep. Fernanda Melchionna,PSOL,RS,camara,oposição,Dep. Sâmia Bomfim,PSOL,SP,camara,oposição
95a3ca957f9109c578c17f6a23a471e1,2263448,camara,204407,205548,0.3222222222222222,3,Dep. Fernanda Melchionna,PSOL,RS,camara,oposição,Dep. David Miranda,PSOL,RJ,camara,oposição
95a3ca957f9109c578c17f6a23a471e1,2263448,camara,204426,204429,0.1111111111111111,1,Dep. Carlos Veras,PT,PE,camara,oposição,Dep. João H. Campos,PSB,PE,camara,oposição
95a3ca957f9109c578c17f6a23a471e1,2263448,camara,204464,204509,0.2111111111111111,2,Dep. Talíria Petrone,PSOL,RJ,camara,oposição,Dep. Áurea Carolina,PSOL,MG,camara,oposição
95a3ca957f9109c578c17f6a23a471e1,2263448,camara,204464,204535,0.3222222222222222,3,Dep. Talíria Petrone,PSOL,RJ,camara,oposição,Dep. Sâmia Bomfim,PSOL,SP,camara,oposição
95a3ca957f9109c578c17f6a23a471e1,2263448,camara,204464,205548,0.3222222222222222,3,Dep. Talíria Petrone,PSOL,RJ,camara,oposição,Dep. David Miranda,PSOL,RJ,camara,oposição
95a3ca957f9109c578c17f6a23a471e1,2263448,camara,204467,204488,0.3333333333333333,1,Dep. Professora Rosa Neide,PT,MT,camara,oposição,Dep. Célio Studart,PV,CE,camara,governo
95a3ca957f9109c578c17f6a23a471e1,2263448,camara,204509,204535,0.2111111111111111,2,Dep. Áurea Carolina,PSOL,MG,camara,oposição,Dep. Sâmia Bomfim,PSOL,SP,camara,oposição
95a3ca957f9109c578c17f6a23a471e1,2263448,camara,204509,205548,0.2111111111111111,2,Dep. Áurea Carolina,PSOL,MG,camara,oposição,Dep. David Miranda,PSOL,RJ,camara,oposição
95a3ca957f9109c578c17f6a23a471e1,2263448,camara,204535,205548,0.3222222222222222,3,Dep. Sâmia Bomfim,PSOL,SP,camara,oposição,Dep. David Miranda,PSOL,RJ,camara,oposição
95a3ca957f9109c578c17f6a23a471e1,2263448,camara,204535,209189,0.1,1,Dep. Sâmia Bomfim,PSOL,SP,camara,oposição,Dep. Joseildo Ramos,PT,BA,camara,oposição
95a3ca957f9109c578c17f6a23a471e1,2263448,camara,73531,134812,0.3222222222222222,3,Dep. Ivan Valente,PSOL,SP,camara,oposição,Dep. Edmilson Rodrigues,PSOL,PA,camara,oposição
95a3ca957f9109c578c17f6a23a471e1,2263448,camara,73531,152605,0.2111111111111111,2,Dep. Ivan Valente,PSOL,SP,camara,oposição,Dep. Glauber Braga,PSOL,RJ,camara,oposição
95a3ca957f9109c578c17f6a23a471e1,2263448,camara,73531,204407,0.3222222222222222,3,Dep. Ivan Valente,PSOL,SP,camara,oposição,Dep. Fernanda Melchionna,PSOL,RS,camara,oposição
95a3ca957f9109c578c17f6a23a471e1,2263448,camara,73531,204464,0.3222222222222222,3,Dep. Ivan Valente,PSOL,SP,camara,oposição,Dep. Talíria Petrone,PSOL,RJ,camara,oposição
95a3ca957f9109c578c17f6a23a471e1,2263448,camara,73531,204509,0.2111111111111111,2,Dep. Ivan Valente,PSOL,SP,camara,oposição,Dep. Áurea Carolina,PSOL,MG,camara,oposição
95a3ca957f9109c578c17f6a23a471e1,2263448,camara,73531,204535,0.3222222222222222,3,Dep. Ivan Valente,PSOL,SP,camara,oposição,Dep. Sâmia Bomfim,PSOL,SP,camara,oposição
95a3ca957f9109c578c17f6a23a471e1,2263448,camara,73531,205548,0.3222222222222222,3,Dep. Ivan Valente,PSOL,SP,camara,oposição,Dep. David Miranda,PSOL,RJ,camara,oposição
95a3ca957f9109c578c17f6a23a471e1,2263448,camara,73531,74784,0.3222222222222222,3,Dep. Ivan Valente,PSOL,SP,camara,oposição,Dep. Luiza Erundina,PSOL,SP,camara,oposição
95a3ca957f9109c578c17f6a23a471e1,2263448,camara,73531,76874,0.3222222222222222,3,Dep. Ivan Valente,PSOL,SP,camara,oposição,Dep. Marcelo Freixo,PSOL,RJ,camara,oposição
95a3ca957f9109c578c17f6a23a471e1,2263448,camara,73943,132504,0.1,1,Dep. Perpétua Almeida,PCdoB,AC,camara,oposição,Dep. Enio Verri,PT,NA,camara,oposição
95a3ca957f9109c578c17f6a23a471e1,2263448,camara,73943,160511,0.1,1,Dep. Perpétua Almeida,PCdoB,AC,camara,oposição,Dep. Alessandro Molon,PSB,RJ,camara,oposição
95a3ca957f9109c578c17f6a23a471e1,2263448,camara,73943,160535,0.1,1,Dep. Perpétua Almeida,PCdoB,AC,camara,oposição,Dep. Marcon,PT,RS,camara,oposição
95a3ca957f9109c578c17f6a23a471e1,2263448,camara,73943,160541,0.1,1,Dep. Perpétua Almeida,PCdoB,AC,camara,oposição,Dep. Arthur Lira,PP,AL,camara,governo
95a3ca957f9109c578c17f6a23a471e1,2263448,camara,73943,160575,0.1,1,Dep. Perpétua Almeida,PCdoB,AC,camara,oposição,Dep. Erika Kokay,PT,DF,camara,oposição
95a3ca957f9109c578c17f6a23a471e1,2263448,camara,73943,178986,0.1,1,Dep. Perpétua Almeida,PCdoB,AC,camara,oposição,Dep. Nilto Tatto,PT,SP,camara,oposição
95a3ca957f9109c578c17f6a23a471e1,2263448,camara,73943,204535,0.1,1,Dep. Perpétua Almeida,PCdoB,AC,camara,oposição,Dep. Sâmia Bomfim,PSOL,SP,camara,oposição
95a3ca957f9109c578c17f6a23a471e1,2263448,camara,73943,209189,0.1,1,Dep. Perpétua Almeida,PCdoB,AC,camara,oposição,Dep. Joseildo Ramos,PT,BA,camara,oposição
95a3ca957f9109c578c17f6a23a471e1,2263448,camara,73943,74057,0.3333333333333333,1,Dep. Perpétua Almeida,PCdoB,AC,camara,oposição,Dep. Alice Portugal,PCdoB,BA,camara,oposição
95a3ca957f9109c578c17f6a23a471e1,2263448,camara,73943,74439,0.1,1,Dep. Perpétua Almeida,PCdoB,AC,camara,oposição,Dep. Wolney Queiroz,PDT,PE,camara,oposição
95a3ca957f9109c578c17f6a23a471e1,2263448,camara,73943,74848,0.8333333333333333,2,Dep. Perpétua Almeida,PCdoB,AC,camara,oposição,Dep. Jandira Feghali,PCdoB,RJ,camara,oposição
95a3ca957f9109c578c17f6a23a471e1,2263448,camara,74057,74848,0.8333333333333333,2,Dep. Alice Portugal,PCdoB,BA,camara,oposição,Dep. Jandira Feghali,PCdoB,RJ,camara,oposição
95a3ca957f9109c578c17f6a23a471e1,2263448,camara,74439,132504,0.1,1,Dep. Wolney Queiroz,PDT,PE,camara,oposição,Dep. Enio Verri,PT,NA,camara,oposição
95a3ca957f9109c578c17f6a23a471e1,2263448,camara,74439,160511,0.1,1,Dep. Wolney Queiroz,PDT,PE,camara,oposição,Dep. Alessandro Molon,PSB,RJ,camara,oposição
95a3ca957f9109c578c17f6a23a471e1,2263448,camara,74439,160535,0.1,1,Dep. Wolney Queiroz,PDT,PE,camara,oposição,Dep. Marcon,PT,RS,camara,oposição
95a3ca957f9109c578c17f6a23a471e1,2263448,camara,74439,160541,0.1,1,Dep. Wolney Queiroz,PDT,PE,camara,oposição,Dep. Arthur Lira,PP,AL,camara,governo
95a3ca957f9109c578c17f6a23a471e1,2263448,camara,74439,160575,0.1,1,Dep. Wolney Queiroz,PDT,PE,camara,oposição,Dep. Erika Kokay,PT,DF,camara,oposição
95a3ca957f9109c578c17f6a23a471e1,2263448,camara,74439,178986,0.1,1,Dep. Wolney Queiroz,PDT,PE,camara,oposição,Dep. Nilto Tatto,PT,SP,camara,oposição
95a3ca957f9109c578c17f6a23a471e1,2263448,camara,74439,204535,0.1,1,Dep. Wolney Queiroz,PDT,PE,camara,oposição,Dep. Sâmia Bomfim,PSOL,SP,camara,oposição
95a3ca957f9109c578c17f6a23a471e1,2263448,camara,74439,209189,0.1,1,Dep. Wolney Queiroz,PDT,PE,camara,oposição,Dep. Joseildo Ramos,PT,BA,camara,oposição
95a3ca957f9109c578c17f6a23a471e1,2263448,camara,74784,134812,0.3222222222222222,3,Dep. Luiza Erundina,PSOL,SP,camara,oposição,Dep. Edmilson Rodrigues,PSOL,PA,camara,oposição
95a3ca957f9109c578c17f6a23a471e1,2263448,camara,74784,152605,0.2111111111111111,2,Dep. Luiza Erundina,PSOL,SP,camara,oposição,Dep. Glauber Braga,PSOL,RJ,camara,oposição
95a3ca957f9109c578c17f6a23a471e1,2263448,camara,74784,204407,0.3222222222222222,3,Dep. Luiza Erundina,PSOL,SP,camara,oposição,Dep. Fernanda Melchionna,PSOL,RS,camara,oposição
95a3ca957f9109c578c17f6a23a471e1,2263448,camara,74784,204464,0.3222222222222222,3,Dep. Luiza Erundina,PSOL,SP,camara,oposição,Dep. Talíria Petrone,PSOL,RJ,camara,oposição
95a3ca957f9109c578c17f6a23a471e1,2263448,camara,74784,204509,0.2111111111111111,2,Dep. Luiza Erundina,PSOL,SP,camara,oposição,Dep. Áurea Carolina,PSOL,MG,camara,oposição
95a3ca957f9109c578c17f6a23a471e1,2263448,camara,74784,204535,0.3222222222222222,3,Dep. Luiza Erundina,PSOL,SP,camara,oposição,Dep. Sâmia Bomfim,PSOL,SP,camara,oposição
95a3ca957f9109c578c17f6a23a471e1,2263448,camara,74784,205548,0.3222222222222222,3,Dep. Luiza Erundina,PSOL,SP,camara,oposição,Dep. David Miranda,PSOL,RJ,camara,oposição
95a3ca957f9109c578c17f6a23a471e1,2263448,camara,74784,76874,0.3222222222222222,3,Dep. Luiza Erundina,PSOL,SP,camara,oposição,Dep. Marcelo Freixo,PSOL,RJ,camara,oposição
95a3ca957f9109c578c17f6a23a471e1,2263448,camara,74848,132504,0.1111111111111111,1,Dep. Jandira Feghali,PCdoB,RJ,camara,oposição,Dep. Enio Verri,PT,NA,camara,oposição
95a3ca957f9109c578c17f6a23a471e1,2263448,camara,74848,141470,0.1111111111111111,1,Dep. Jandira Feghali,PCdoB,RJ,camara,oposição,Dep. José Guimarães,PT,CE,camara,oposição
95a3ca957f9109c578c17f6a23a471e1,2263448,camara,74848,141488,0.1111111111111111,1,Dep. Jandira Feghali,PCdoB,RJ,camara,oposição,Dep. Paulo Teixeira,PT,SP,camara,oposição
95a3ca957f9109c578c17f6a23a471e1,2263448,camara,74848,157130,0.1111111111111111,1,Dep. Jandira Feghali,PCdoB,RJ,camara,oposição,Dep. Túlio Gadêlha,PDT,PE,camara,oposição
95a3ca957f9109c578c17f6a23a471e1,2263448,camara,74848,160508,0.1111111111111111,1,Dep. Jandira Feghali,PCdoB,RJ,camara,oposição,Dep. Afonso Florence,PT,BA,camara,oposição
95a3ca957f9109c578c17f6a23a471e1,2263448,camara,74848,204426,0.1111111111111111,1,Dep. Jandira Feghali,PCdoB,RJ,camara,oposição,Dep. Carlos Veras,PT,PE,camara,oposição
95a3ca957f9109c578c17f6a23a471e1,2263448,camara,74848,204429,0.1111111111111111,1,Dep. Jandira Feghali,PCdoB,RJ,camara,oposição,Dep. João H. Campos,PSB,PE,camara,oposição
95a3ca957f9109c578c17f6a23a471e1,2263448,camara,74848,76874,0.1111111111111111,1,Dep. Jandira Feghali,PCdoB,RJ,camara,oposição,Dep. Marcelo Freixo,PSOL,RJ,camara,oposição
95a3ca957f9109c578c17f6a23a471e1,2263448,camara,76874,132504,0.1111111111111111,1,Dep. Marcelo Freixo,PSOL,RJ,camara,oposição,Dep. Enio Verri,PT,NA,camara,oposição
95a3ca957f9109c578c17f6a23a471e1,2263448,camara,76874,134812,0.3222222222222222,3,Dep. Marcelo Freixo,PSOL,RJ,camara,oposição,Dep. Edmilson Rodrigues,PSOL,PA,camara,oposição
95a3ca957f9109c578c17f6a23a471e1,2263448,camara,76874,141470,0.1111111111111111,1,Dep. Marcelo Freixo,PSOL,RJ,camara,oposição,Dep. José Guimarães,PT,CE,camara,oposição
95a3ca957f9109c578c17f6a23a471e1,2263448,camara,76874,141488,0.1111111111111111,1,Dep. Marcelo Freixo,PSOL,RJ,camara,oposição,Dep. Paulo Teixeira,PT,SP,camara,oposição
95a3ca957f9109c578c17f6a23a471e1,2263448,camara,76874,152605,0.2111111111111111,2,Dep. Marcelo Freixo,PSOL,RJ,camara,oposição,Dep. Glauber Braga,PSOL,RJ,camara,oposição
95a3ca957f9109c578c17f6a23a471e1,2263448,camara,76874,157130,0.1111111111111111,1,Dep. Marcelo Freixo,PSOL,RJ,camara,oposição,Dep. Túlio Gadêlha,PDT,PE,camara,oposição
95a3ca957f9109c578c17f6a23a471e1,2263448,camara,76874,160508,0.1111111111111111,1,Dep. Marcelo Freixo,PSOL,RJ,camara,oposição,Dep. Afonso Florence,PT,BA,camara,oposição
95a3ca957f9109c578c17f6a23a471e1,2263448,camara,76874,204407,0.3222222222222222,3,Dep. Marcelo Freixo,PSOL,RJ,camara,oposição,Dep. Fernanda Melchionna,PSOL,RS,camara,oposição
95a3ca957f9109c578c17f6a23a471e1,2263448,camara,76874,204426,0.1111111111111111,1,Dep. Marcelo Freixo,PSOL,RJ,camara,oposição,Dep. Carlos Veras,PT,PE,camara,oposição
95a3ca957f9109c578c17f6a23a471e1,2263448,camara,76874,204429,0.1111111111111111,1,Dep. Marcelo Freixo,PSOL,RJ,camara,oposição,Dep. João H. Campos,PSB,PE,camara,oposição
95a3ca957f9109c578c17f6a23a471e1,2263448,camara,76874,204464,0.3222222222222222,3,Dep. Marcelo Freixo,PSOL,RJ,camara,oposição,Dep. Talíria Petrone,PSOL,RJ,camara,oposição
95a3ca957f9109c578c17f6a23a471e1,2263448,camara,76874,204509,0.2111111111111111,2,Dep. Marcelo Freixo,PSOL,RJ,camara,oposição,Dep. Áurea Carolina,PSOL,MG,camara,oposição
95a3ca957f9109c578c17f6a23a471e1,2263448,camara,76874,204535,0.3222222222222222,3,Dep. Marcelo Freixo,PSOL,RJ,camara,oposição,Dep. Sâmia Bomfim,PSOL,SP,camara,oposição
95a3ca957f9109c578c17f6a23a471e1,2263448,camara,76874,205548,0.3222222222222222,3,Dep. Marcelo Freixo,PSOL,RJ,camara,oposição,Dep. David Miranda,PSOL,RJ,camara,oposição
967b8a10cd3d6916f3c4c1e79c169c30,2218177,camara,141470,141470,2,2,Dep. José Guimarães,PT,CE,camara,oposição,Dep. José Guimarães,PT,CE,camara,oposição
9739dc68f513d3b8a87475f959f2346d,2263589,camara,204383,204467,0.3333333333333333,1,Dep. Professor Israel Batista,PV,DF,camara,governo,Dep. Professora Rosa Neide,PT,MT,camara,oposição
9739dc68f513d3b8a87475f959f2346d,2263589,camara,204383,204488,0.3333333333333333,1,Dep. Professor Israel Batista,PV,DF,camara,governo,Dep. Célio Studart,PV,CE,camara,governo
9739dc68f513d3b8a87475f959f2346d,2263589,camara,204467,204488,0.3333333333333333,1,Dep. Professora Rosa Neide,PT,MT,camara,oposição,Dep. Célio Studart,PV,CE,camara,governo
9c4bb6cced1e36a645164df0f3b6b1f2,2252619,camara,132504,178970,0.3333333333333333,1,Dep. Enio Verri,PT,NA,camara,oposição,Dep. João Daniel,PT,SE,camara,oposição
9c4bb6cced1e36a645164df0f3b6b1f2,2252619,camara,132504,178986,0.3333333333333333,1,Dep. Enio Verri,PT,NA,camara,oposição,Dep. Nilto Tatto,PT,SP,camara,oposição
9c4bb6cced1e36a645164df0f3b6b1f2,2252619,camara,134812,152605,0.2111111111111111,2,Dep. Edmilson Rodrigues,PSOL,PA,camara,oposição,Dep. Glauber Braga,PSOL,RJ,camara,oposição
9c4bb6cced1e36a645164df0f3b6b1f2,2252619,camara,134812,204407,0.2111111111111111,2,Dep. Edmilson Rodrigues,PSOL,PA,camara,oposição,Dep. Fernanda Melchionna,PSOL,RS,camara,oposição
9c4bb6cced1e36a645164df0f3b6b1f2,2252619,camara,134812,204464,0.1,1,Dep. Edmilson Rodrigues,PSOL,PA,camara,oposição,Dep. Talíria Petrone,PSOL,RJ,camara,oposição
9c4bb6cced1e36a645164df0f3b6b1f2,2252619,camara,134812,204509,0.2111111111111111,2,Dep. Edmilson Rodrigues,PSOL,PA,camara,oposição,Dep. Áurea Carolina,PSOL,MG,camara,oposição
9c4bb6cced1e36a645164df0f3b6b1f2,2252619,camara,134812,204535,0.2111111111111111,2,Dep. Edmilson Rodrigues,PSOL,PA,camara,oposição,Dep. Sâmia Bomfim,PSOL,SP,camara,oposição
9c4bb6cced1e36a645164df0f3b6b1f2,2252619,camara,134812,205548,0.2111111111111111,2,Dep. Edmilson Rodrigues,PSOL,PA,camara,oposição,Dep. David Miranda,PSOL,RJ,camara,oposição
9c4bb6cced1e36a645164df0f3b6b1f2,2252619,camara,152605,204407,0.2111111111111111,2,Dep. Glauber Braga,PSOL,RJ,camara,oposição,Dep. Fernanda Melchionna,PSOL,RS,camara,oposição
9c4bb6cced1e36a645164df0f3b6b1f2,2252619,camara,152605,204464,0.1,1,Dep. Glauber Braga,PSOL,RJ,camara,oposição,Dep. Talíria Petrone,PSOL,RJ,camara,oposição
9c4bb6cced1e36a645164df0f3b6b1f2,2252619,camara,152605,204509,0.2111111111111111,2,Dep. Glauber Braga,PSOL,RJ,camara,oposição,Dep. Áurea Carolina,PSOL,MG,camara,oposição
9c4bb6cced1e36a645164df0f3b6b1f2,2252619,camara,152605,204535,0.2111111111111111,2,Dep. Glauber Braga,PSOL,RJ,camara,oposição,Dep. Sâmia Bomfim,PSOL,SP,camara,oposição
9c4bb6cced1e36a645164df0f3b6b1f2,2252619,camara,152605,205548,0.2111111111111111,2,Dep. Glauber Braga,PSOL,RJ,camara,oposição,Dep. David Miranda,PSOL,RJ,camara,oposição
9c4bb6cced1e36a645164df0f3b6b1f2,2252619,camara,178970,178986,0.3333333333333333,1,Dep. João Daniel,PT,SE,camara,oposição,Dep. Nilto Tatto,PT,SP,camara,oposição
9c4bb6cced1e36a645164df0f3b6b1f2,2252619,camara,204407,204464,0.1,1,Dep. Fernanda Melchionna,PSOL,RS,camara,oposição,Dep. Talíria Petrone,PSOL,RJ,camara,oposição
9c4bb6cced1e36a645164df0f3b6b1f2,2252619,camara,204407,204509,0.2111111111111111,2,Dep. Fernanda Melchionna,PSOL,RS,camara,oposição,Dep. Áurea Carolina,PSOL,MG,camara,oposição
9c4bb6cced1e36a645164df0f3b6b1f2,2252619,camara,204407,204535,0.2111111111111111,2,Dep. Fernanda Melchionna,PSOL,RS,camara,oposição,Dep. Sâmia Bomfim,PSOL,SP,camara,oposição
9c4bb6cced1e36a645164df0f3b6b1f2,2252619,camara,204407,205548,0.2111111111111111,2,Dep. Fernanda Melchionna,PSOL,RS,camara,oposição,Dep. David Miranda,PSOL,RJ,camara,oposição
9c4bb6cced1e36a645164df0f3b6b1f2,2252619,camara,204464,204509,0.1,1,Dep. Talíria Petrone,PSOL,RJ,camara,oposição,Dep. Áurea Carolina,PSOL,MG,camara,oposição
9c4bb6cced1e36a645164df0f3b6b1f2,2252619,camara,204464,204535,0.1,1,Dep. Talíria Petrone,PSOL,RJ,camara,oposição,Dep. Sâmia Bomfim,PSOL,SP,camara,oposição
9c4bb6cced1e36a645164df0f3b6b1f2,2252619,camara,204464,205548,0.1,1,Dep. Talíria Petrone,PSOL,RJ,camara,oposição,Dep. David Miranda,PSOL,RJ,camara,oposição
9c4bb6cced1e36a645164df0f3b6b1f2,2252619,camara,204468,204468,1,1,Dep. Joenia Wapichana,REDE,RR,camara,oposição,Dep. Joenia Wapichana,REDE,RR,camara,oposição
9c4bb6cced1e36a645164df0f3b6b1f2,2252619,camara,204509,204535,0.2111111111111111,2,Dep. Áurea Carolina,PSOL,MG,camara,oposição,Dep. Sâmia Bomfim,PSOL,SP,camara,oposição
9c4bb6cced1e36a645164df0f3b6b1f2,2252619,camara,204509,205548,0.2111111111111111,2,Dep. Áurea Carolina,PSOL,MG,camara,oposição,Dep. David Miranda,PSOL,RJ,camara,oposição
9c4bb6cced1e36a645164df0f3b6b1f2,2252619,camara,204535,205548,0.2111111111111111,2,Dep. Sâmia Bomfim,PSOL,SP,camara,oposição,Dep. David Miranda,PSOL,RJ,camara,oposição
9c4bb6cced1e36a645164df0f3b6b1f2,2252619,camara,73531,134812,0.2111111111111111,2,Dep. Ivan Valente,PSOL,SP,camara,oposição,Dep. Edmilson Rodrigues,PSOL,PA,camara,oposição
9c4bb6cced1e36a645164df0f3b6b1f2,2252619,camara,73531,152605,0.2111111111111111,2,Dep. Ivan Valente,PSOL,SP,camara,oposição,Dep. Glauber Braga,PSOL,RJ,camara,oposição
9c4bb6cced1e36a645164df0f3b6b1f2,2252619,camara,73531,204407,0.2111111111111111,2,Dep. Ivan Valente,PSOL,SP,camara,oposição,Dep. Fernanda Melchionna,PSOL,RS,camara,oposição
9c4bb6cced1e36a645164df0f3b6b1f2,2252619,camara,73531,204464,0.1,1,Dep. Ivan Valente,PSOL,SP,camara,oposição,Dep. Talíria Petrone,PSOL,RJ,camara,oposição
9c4bb6cced1e36a645164df0f3b6b1f2,2252619,camara,73531,204509,0.2111111111111111,2,Dep. Ivan Valente,PSOL,SP,camara,oposição,Dep. Áurea Carolina,PSOL,MG,camara,oposição
9c4bb6cced1e36a645164df0f3b6b1f2,2252619,camara,73531,204535,0.2111111111111111,2,Dep. Ivan Valente,PSOL,SP,camara,oposição,Dep. Sâmia Bomfim,PSOL,SP,camara,oposição
9c4bb6cced1e36a645164df0f3b6b1f2,2252619,camara,73531,205548,0.2111111111111111,2,Dep. Ivan Valente,PSOL,SP,camara,oposição,Dep. David Miranda,PSOL,RJ,camara,oposição
9c4bb6cced1e36a645164df0f3b6b1f2,2252619,camara,73531,74784,0.2111111111111111,2,Dep. Ivan Valente,PSOL,SP,camara,oposição,Dep. Luiza Erundina,PSOL,SP,camara,oposição
9c4bb6cced1e36a645164df0f3b6b1f2,2252619,camara,73531,76874,0.2111111111111111,2,Dep. Ivan Valente,PSOL,SP,camara,oposição,Dep. Marcelo Freixo,PSOL,RJ,camara,oposição
9c4bb6cced1e36a645164df0f3b6b1f2,2252619,camara,74784,134812,0.2111111111111111,2,Dep. Luiza Erundina,PSOL,SP,camara,oposição,Dep. Edmilson Rodrigues,PSOL,PA,camara,oposição
9c4bb6cced1e36a645164df0f3b6b1f2,2252619,camara,74784,152605,0.2111111111111111,2,Dep. Luiza Erundina,PSOL,SP,camara,oposição,Dep. Glauber Braga,PSOL,RJ,camara,oposição
9c4bb6cced1e36a645164df0f3b6b1f2,2252619,camara,74784,204407,0.2111111111111111,2,Dep. Luiza Erundina,PSOL,SP,camara,oposição,Dep. Fernanda Melchionna,PSOL,RS,camara,oposição
9c4bb6cced1e36a645164df0f3b6b1f2,2252619,camara,74784,204464,0.1,1,Dep. Luiza Erundina,PSOL,SP,camara,oposição,Dep. Talíria Petrone,PSOL,RJ,camara,oposição
9c4bb6cced1e36a645164df0f3b6b1f2,2252619,camara,74784,204509,0.2111111111111111,2,Dep. Luiza Erundina,PSOL,SP,camara,oposição,Dep. Áurea Carolina,PSOL,MG,camara,oposição
9c4bb6cced1e36a645164df0f3b6b1f2,2252619,camara,74784,204535,0.2111111111111111,2,Dep. Luiza Erundina,PSOL,SP,camara,oposição,Dep. Sâmia Bomfim,PSOL,SP,camara,oposição
9c4bb6cced1e36a645164df0f3b6b1f2,2252619,camara,74784,205548,0.2111111111111111,2,Dep. Luiza Erundina,PSOL,SP,camara,oposição,Dep. David Miranda,PSOL,RJ,camara,oposição
9c4bb6cced1e36a645164df0f3b6b1f2,2252619,camara,74784,76874,0.2111111111111111,2,Dep. Luiza Erundina,PSOL,SP,camara,oposição,Dep. Marcelo Freixo,PSOL,RJ,camara,oposição
9c4bb6cced1e36a645164df0f3b6b1f2,2252619,camara,76874,134812,0.2111111111111111,2,Dep. Marcelo Freixo,PSOL,RJ,camara,oposição,Dep. Edmilson Rodrigues,PSOL,PA,camara,oposição
9c4bb6cced1e36a645164df0f3b6b1f2,2252619,camara,76874,152605,0.2111111111111111,2,Dep. Marcelo Freixo,PSOL,RJ,camara,oposição,Dep. Glauber Braga,PSOL,RJ,camara,oposição
9c4bb6cced1e36a645164df0f3b6b1f2,2252619,camara,76874,204407,0.2111111111111111,2,Dep. Marcelo Freixo,PSOL,RJ,camara,oposição,Dep. Fernanda Melchionna,PSOL,RS,camara,oposição
9c4bb6cced1e36a645164df0f3b6b1f2,2252619,camara,76874,204464,0.1,1,Dep. Marcelo Freixo,PSOL,RJ,camara,oposição,Dep. Talíria Petrone,PSOL,RJ,camara,oposição
9c4bb6cced1e36a645164df0f3b6b1f2,2252619,camara,76874,204509,0.2111111111111111,2,Dep. Marcelo Freixo,PSOL,RJ,camara,oposição,Dep. Áurea Carolina,PSOL,MG,camara,oposição
9c4bb6cced1e36a645164df0f3b6b1f2,2252619,camara,76874,204535,0.2111111111111111,2,Dep. Marcelo Freixo,PSOL,RJ,camara,oposição,Dep. Sâmia Bomfim,PSOL,SP,camara,oposição
9c4bb6cced1e36a645164df0f3b6b1f2,2252619,camara,76874,205548,0.2111111111111111,2,Dep. Marcelo Freixo,PSOL,RJ,camara,oposição,Dep. David Miranda,PSOL,RJ,camara,oposição
a175c8bda7e2631cc1e9736d566c123a,2254012,camara,160535,160610,0.14285714285714285,1,Dep. Marcon,PT,RS,camara,oposição,Dep. Valmir Assunção,PT,BA,camara,oposição
a175c8bda7e2631cc1e9736d566c123a,2254012,camara,160535,178970,0.14285714285714285,1,Dep. Marcon,PT,RS,camara,oposição,Dep. João Daniel,PT,SE,camara,oposição
a175c8bda7e2631cc1e9736d566c123a,2254012,camara,160535,178986,0.14285714285714285,1,Dep. Marcon,PT,RS,camara,oposição,Dep. Nilto Tatto,PT,SP,camara,oposição
a175c8bda7e2631cc1e9736d566c123a,2254012,camara,160535,204370,0.14285714285714285,1,Dep. Marcon,PT,RS,camara,oposição,Dep. Célio Moura,PT,TO,camara,oposição
a175c8bda7e2631cc1e9736d566c123a,2254012,camara,160535,204467,0.14285714285714285,1,Dep. Marcon,PT,RS,camara,oposição,Dep. Professora Rosa Neide,PT,MT,camara,oposição
a175c8bda7e2631cc1e9736d566c123a,2254012,camara,160610,178970,0.14285714285714285,1,Dep. Valmir Assunção,PT,BA,camara,oposição,Dep. João Daniel,PT,SE,camara,oposição
a175c8bda7e2631cc1e9736d566c123a,2254012,camara,160610,178986,0.14285714285714285,1,Dep. Valmir Assunção,PT,BA,camara,oposição,Dep. Nilto Tatto,PT,SP,camara,oposição
a175c8bda7e2631cc1e9736d566c123a,2254012,camara,160610,204370,0.14285714285714285,1,Dep. Valmir Assunção,PT,BA,camara,oposição,Dep. Célio Moura,PT,TO,camara,oposição
a175c8bda7e2631cc1e9736d566c123a,2254012,camara,160610,204467,0.14285714285714285,1,Dep. Valmir Assunção,PT,BA,camara,oposição,Dep. Professora Rosa Neide,PT,MT,camara,oposição
a175c8bda7e2631cc1e9736d566c123a,2254012,camara,178970,178986,0.14285714285714285,1,Dep. João Daniel,PT,SE,camara,oposição,Dep. Nilto Tatto,PT,SP,camara,oposição
a175c8bda7e2631cc1e9736d566c123a,2254012,camara,178970,204370,0.14285714285714285,1,Dep. João Daniel,PT,SE,camara,oposição,Dep. Célio Moura,PT,TO,camara,oposição
a175c8bda7e2631cc1e9736d566c123a,2254012,camara,178970,204467,0.14285714285714285,1,Dep. João Daniel,PT,SE,camara,oposição,Dep. Professora Rosa Neide,PT,MT,camara,oposição
a175c8bda7e2631cc1e9736d566c123a,2254012,camara,178986,204370,0.14285714285714285,1,Dep. Nilto Tatto,PT,SP,camara,oposição,Dep. Célio Moura,PT,TO,camara,oposição
a175c8bda7e2631cc1e9736d566c123a,2254012,camara,178986,204467,0.14285714285714285,1,Dep. Nilto Tatto,PT,SP,camara,oposição,Dep. Professora Rosa Neide,PT,MT,camara,oposição
a175c8bda7e2631cc1e9736d566c123a,2254012,camara,204370,204467,0.14285714285714285,1,Dep. Célio Moura,PT,TO,camara,oposição,Dep. Professora Rosa Neide,PT,MT,camara,oposição
a175c8bda7e2631cc1e9736d566c123a,2254012,camara,74160,160535,0.14285714285714285,1,Dep. Patrus Ananias,PT,MG,camara,oposição,Dep. Marcon,PT,RS,camara,oposição
a175c8bda7e2631cc1e9736d566c123a,2254012,camara,74160,160610,0.14285714285714285,1,Dep. Patrus Ananias,PT,MG,camara,oposição,Dep. Valmir Assunção,PT,BA,camara,oposição
a175c8bda7e2631cc1e9736d566c123a,2254012,camara,74160,178970,0.14285714285714285,1,Dep. Patrus Ananias,PT,MG,camara,oposição,Dep. João Daniel,PT,SE,camara,oposição
a175c8bda7e2631cc1e9736d566c123a,2254012,camara,74160,178986,0.14285714285714285,1,Dep. Patrus Ananias,PT,MG,camara,oposição,Dep. Nilto Tatto,PT,SP,camara,oposição
a175c8bda7e2631cc1e9736d566c123a,2254012,camara,74160,204370,0.14285714285714285,1,Dep. Patrus Ananias,PT,MG,camara,oposição,Dep. Célio Moura,PT,TO,camara,oposição
a175c8bda7e2631cc1e9736d566c123a,2254012,camara,74160,204467,0.14285714285714285,1,Dep. Patrus Ananias,PT,MG,camara,oposição,Dep. Professora Rosa Neide,PT,MT,camara,oposição
a4a3f5be1fb8872820020a9167fe20a1,2237205,camara,141470,141470,1,1,Dep. José Guimarães,PT,CE,camara,oposição,Dep. José Guimarães,PT,CE,camara,oposição
a4a3f5be1fb8872820020a9167fe20a1,2237205,camara,204488,204488,1,1,Dep. Célio Studart,PV,CE,camara,governo,Dep. Célio Studart,PV,CE,camara,governo
a4a3f5be1fb8872820020a9167fe20a1,2237205,camara,204495,204555,0.5,1,Dep. Airton Faleiro,PT,PA,camara,oposição,Dep. José Ricardo,PT,AM,camara,oposição
a515a252e0c1b3ff6e301372ad6618d3,2218243,camara,160535,160535,1,1,Dep. Marcon,PT,RS,camara,oposição,Dep. Marcon,PT,RS,camara,oposição
ac53697f4326dbc437b7e5047c3f666b,2263463,camara,134812,152605,0.2111111111111111,2,Dep. Edmilson Rodrigues,PSOL,PA,camara,oposição,Dep. Glauber Braga,PSOL,RJ,camara,oposição
ac53697f4326dbc437b7e5047c3f666b,2263463,camara,134812,204407,0.3222222222222222,3,Dep. Edmilson Rodrigues,PSOL,PA,camara,oposição,Dep. Fernanda Melchionna,PSOL,RS,camara,oposição
ac53697f4326dbc437b7e5047c3f666b,2263463,camara,134812,204464,0.3222222222222222,3,Dep. Edmilson Rodrigues,PSOL,PA,camara,oposição,Dep. Talíria Petrone,PSOL,RJ,camara,oposição
ac53697f4326dbc437b7e5047c3f666b,2263463,camara,134812,204509,0.2111111111111111,2,Dep. Edmilson Rodrigues,PSOL,PA,camara,oposição,Dep. Áurea Carolina,PSOL,MG,camara,oposição
ac53697f4326dbc437b7e5047c3f666b,2263463,camara,134812,204535,0.3222222222222222,3,Dep. Edmilson Rodrigues,PSOL,PA,camara,oposição,Dep. Sâmia Bomfim,PSOL,SP,camara,oposição
ac53697f4326dbc437b7e5047c3f666b,2263463,camara,134812,205548,0.3222222222222222,3,Dep. Edmilson Rodrigues,PSOL,PA,camara,oposição,Dep. David Miranda,PSOL,RJ,camara,oposição
ac53697f4326dbc437b7e5047c3f666b,2263463,camara,152605,204407,0.2111111111111111,2,Dep. Glauber Braga,PSOL,RJ,camara,oposição,Dep. Fernanda Melchionna,PSOL,RS,camara,oposição
ac53697f4326dbc437b7e5047c3f666b,2263463,camara,152605,204464,0.2111111111111111,2,Dep. Glauber Braga,PSOL,RJ,camara,oposição,Dep. Talíria Petrone,PSOL,RJ,camara,oposição
ac53697f4326dbc437b7e5047c3f666b,2263463,camara,152605,204509,0.1,1,Dep. Glauber Braga,PSOL,RJ,camara,oposição,Dep. Áurea Carolina,PSOL,MG,camara,oposição
ac53697f4326dbc437b7e5047c3f666b,2263463,camara,152605,204535,0.2111111111111111,2,Dep. Glauber Braga,PSOL,RJ,camara,oposição,Dep. Sâmia Bomfim,PSOL,SP,camara,oposição
ac53697f4326dbc437b7e5047c3f666b,2263463,camara,152605,205548,0.2111111111111111,2,Dep. Glauber Braga,PSOL,RJ,camara,oposição,Dep. David Miranda,PSOL,RJ,camara,oposição
ac53697f4326dbc437b7e5047c3f666b,2263463,camara,204407,204464,0.3222222222222222,3,Dep. Fernanda Melchionna,PSOL,RS,camara,oposição,Dep. Talíria Petrone,PSOL,RJ,camara,oposição
ac53697f4326dbc437b7e5047c3f666b,2263463,camara,204407,204509,0.2111111111111111,2,Dep. Fernanda Melchionna,PSOL,RS,camara,oposição,Dep. Áurea Carolina,PSOL,MG,camara,oposição
ac53697f4326dbc437b7e5047c3f666b,2263463,camara,204407,204535,0.3222222222222222,3,Dep. Fernanda Melchionna,PSOL,RS,camara,oposição,Dep. Sâmia Bomfim,PSOL,SP,camara,oposição
ac53697f4326dbc437b7e5047c3f666b,2263463,camara,204407,205548,0.3222222222222222,3,Dep. Fernanda Melchionna,PSOL,RS,camara,oposição,Dep. David Miranda,PSOL,RJ,camara,oposição
ac53697f4326dbc437b7e5047c3f666b,2263463,camara,204464,204509,0.2111111111111111,2,Dep. Talíria Petrone,PSOL,RJ,camara,oposição,Dep. Áurea Carolina,PSOL,MG,camara,oposição
ac53697f4326dbc437b7e5047c3f666b,2263463,camara,204464,204535,0.3222222222222222,3,Dep. Talíria Petrone,PSOL,RJ,camara,oposição,Dep. Sâmia Bomfim,PSOL,SP,camara,oposição
ac53697f4326dbc437b7e5047c3f666b,2263463,camara,204464,205548,0.3222222222222222,3,Dep. Talíria Petrone,PSOL,RJ,camara,oposição,Dep. David Miranda,PSOL,RJ,camara,oposição
ac53697f4326dbc437b7e5047c3f666b,2263463,camara,204509,204535,0.2111111111111111,2,Dep. Áurea Carolina,PSOL,MG,camara,oposição,Dep. Sâmia Bomfim,PSOL,SP,camara,oposição
ac53697f4326dbc437b7e5047c3f666b,2263463,camara,204509,205548,0.2111111111111111,2,Dep. Áurea Carolina,PSOL,MG,camara,oposição,Dep. David Miranda,PSOL,RJ,camara,oposição
ac53697f4326dbc437b7e5047c3f666b,2263463,camara,204535,205548,0.3222222222222222,3,Dep. Sâmia Bomfim,PSOL,SP,camara,oposição,Dep. David Miranda,PSOL,RJ,camara,oposição
ac53697f4326dbc437b7e5047c3f666b,2263463,camara,73531,134812,0.3222222222222222,3,Dep. Ivan Valente,PSOL,SP,camara,oposição,Dep. Edmilson Rodrigues,PSOL,PA,camara,oposição
ac53697f4326dbc437b7e5047c3f666b,2263463,camara,73531,152605,0.2111111111111111,2,Dep. Ivan Valente,PSOL,SP,camara,oposição,Dep. Glauber Braga,PSOL,RJ,camara,oposição
ac53697f4326dbc437b7e5047c3f666b,2263463,camara,73531,204407,0.3222222222222222,3,Dep. Ivan Valente,PSOL,SP,camara,oposição,Dep. Fernanda Melchionna,PSOL,RS,camara,oposição
ac53697f4326dbc437b7e5047c3f666b,2263463,camara,73531,204464,0.3222222222222222,3,Dep. Ivan Valente,PSOL,SP,camara,oposição,Dep. Talíria Petrone,PSOL,RJ,camara,oposição
ac53697f4326dbc437b7e5047c3f666b,2263463,camara,73531,204509,0.2111111111111111,2,Dep. Ivan Valente,PSOL,SP,camara,oposição,Dep. Áurea Carolina,PSOL,MG,camara,oposição
ac53697f4326dbc437b7e5047c3f666b,2263463,camara,73531,204535,0.3222222222222222,3,Dep. Ivan Valente,PSOL,SP,camara,oposição,Dep. Sâmia Bomfim,PSOL,SP,camara,oposição
ac53697f4326dbc437b7e5047c3f666b,2263463,camara,73531,205548,0.3222222222222222,3,Dep. Ivan Valente,PSOL,SP,camara,oposição,Dep. David Miranda,PSOL,RJ,camara,oposição
ac53697f4326dbc437b7e5047c3f666b,2263463,camara,73531,74784,0.3222222222222222,3,Dep. Ivan Valente,PSOL,SP,camara,oposição,Dep. Luiza Erundina,PSOL,SP,camara,oposição
ac53697f4326dbc437b7e5047c3f666b,2263463,camara,73531,76874,0.3222222222222222,3,Dep. Ivan Valente,PSOL,SP,camara,oposição,Dep. Marcelo Freixo,PSOL,RJ,camara,oposição
ac53697f4326dbc437b7e5047c3f666b,2263463,camara,74784,134812,0.3222222222222222,3,Dep. Luiza Erundina,PSOL,SP,camara,oposição,Dep. Edmilson Rodrigues,PSOL,PA,camara,oposição
ac53697f4326dbc437b7e5047c3f666b,2263463,camara,74784,152605,0.2111111111111111,2,Dep. Luiza Erundina,PSOL,SP,camara,oposição,Dep. Glauber Braga,PSOL,RJ,camara,oposição
ac53697f4326dbc437b7e5047c3f666b,2263463,camara,74784,204407,0.3222222222222222,3,Dep. Luiza Erundina,PSOL,SP,camara,oposição,Dep. Fernanda Melchionna,PSOL,RS,camara,oposição
ac53697f4326dbc437b7e5047c3f666b,2263463,camara,74784,204464,0.3222222222222222,3,Dep. Luiza Erundina,PSOL,SP,camara,oposição,Dep. Talíria Petrone,PSOL,RJ,camara,oposição
ac53697f4326dbc437b7e5047c3f666b,2263463,camara,74784,204509,0.2111111111111111,2,Dep. Luiza Erundina,PSOL,SP,camara,oposição,Dep. Áurea Carolina,PSOL,MG,camara,oposição
ac53697f4326dbc437b7e5047c3f666b,2263463,camara,74784,204535,0.3222222222222222,3,Dep. Luiza Erundina,PSOL,SP,camara,oposição,Dep. Sâmia Bomfim,PSOL,SP,camara,oposição
ac53697f4326dbc437b7e5047c3f666b,2263463,camara,74784,205548,0.3222222222222222,3,Dep. Luiza Erundina,PSOL,SP,camara,oposição,Dep. David Miranda,PSOL,RJ,camara,oposição
ac53697f4326dbc437b7e5047c3f666b,2263463,camara,74784,76874,0.3222222222222222,3,Dep. Luiza Erundina,PSOL,SP,camara,oposição,Dep. Marcelo Freixo,PSOL,RJ,camara,oposição
ac53697f4326dbc437b7e5047c3f666b,2263463,camara,76874,134812,0.3222222222222222,3,Dep. Marcelo Freixo,PSOL,RJ,camara,oposição,Dep. Edmilson Rodrigues,PSOL,PA,camara,oposição
ac53697f4326dbc437b7e5047c3f666b,2263463,camara,76874,152605,0.2111111111111111,2,Dep. Marcelo Freixo,PSOL,RJ,camara,oposição,Dep. Glauber Braga,PSOL,RJ,camara,oposição
ac53697f4326dbc437b7e5047c3f666b,2263463,camara,76874,204407,0.3222222222222222,3,Dep. Marcelo Freixo,PSOL,RJ,camara,oposição,Dep. Fernanda Melchionna,PSOL,RS,camara,oposição
ac53697f4326dbc437b7e5047c3f666b,2263463,camara,76874,204464,0.3222222222222222,3,Dep. Marcelo Freixo,PSOL,RJ,camara,oposição,Dep. Talíria Petrone,PSOL,RJ,camara,oposição
ac53697f4326dbc437b7e5047c3f666b,2263463,camara,76874,204509,0.2111111111111111,2,Dep. Marcelo Freixo,PSOL,RJ,camara,oposição,Dep. Áurea Carolina,PSOL,MG,camara,oposição
ac53697f4326dbc437b7e5047c3f666b,2263463,camara,76874,204535,0.3222222222222222,3,Dep. Marcelo Freixo,PSOL,RJ,camara,oposição,Dep. Sâmia Bomfim,PSOL,SP,camara,oposição
ac53697f4326dbc437b7e5047c3f666b,2263463,camara,76874,205548,0.3222222222222222,3,Dep. Marcelo Freixo,PSOL,RJ,camara,oposição,Dep. David Miranda,PSOL,RJ,camara,oposição
aeb768986dc22309b70e545e159f21a1,2261195,camara,160655,160655,1,1,Dep. Ricardo Izar,PP,SP,camara,governo,Dep. Ricardo Izar,PP,SP,camara,governo
afb2c0b14ca5f287a443e576c1ae25a8,2194820,camara,204538,204538,1,1,Dep. Paulo Bengtson,PTB,PA,camara,governo,Dep. Paulo Bengtson,PTB,PA,camara,governo
b04a0b2cba942b72902e03a7c1ff457c,2205541,camara,204530,204530,1,1,Dep. Rodrigo Agostinho,PSB,SP,camara,oposição,Dep. Rodrigo Agostinho,PSB,SP,camara,oposição
b6f8ea6fded600805318c386a51d2c72,2263650,camara,204468,204468,1,1,Dep. Joenia Wapichana,REDE,RR,camara,oposição,Dep. Joenia Wapichana,REDE,RR,camara,oposição
ba0b849ce32b284a0a66635f6e9000c4,2259826,camara,160511,160511,1,1,Dep. Alessandro Molon,PSB,RJ,camara,oposição,Dep. Alessandro Molon,PSB,RJ,camara,oposição
beb2f62ea67cd377a8f4cdb343d5377c,2262788,camara,160511,160511,1,1,Dep. Alessandro Molon,PSB,RJ,camara,oposição,Dep. Alessandro Molon,PSB,RJ,camara,oposição
c3d2c81ea769ce4bdb8486ede6fdb663,2252113,camara,160511,160511,1,1,Dep. Alessandro Molon,PSB,RJ,camara,oposição,Dep. Alessandro Molon,PSB,RJ,camara,oposição
c3d2c81ea769ce4bdb8486ede6fdb663,2252113,camara,204534,204534,1,1,Dep. Tabata Amaral,PDT,SP,camara,oposição,Dep. Tabata Amaral,PDT,SP,camara,oposição
c7579353cc58eebc84297830213b2383,2198168,camara,141470,141470,1,1,Dep. José Guimarães,PT,CE,camara,oposição,Dep. José Guimarães,PT,CE,camara,oposição
ca0402c3cf999f747dfafae362de9141,2203903,camara,204495,204495,1,1,Dep. Airton Faleiro,PT,PA,camara,oposição,Dep. Airton Faleiro,PT,PA,camara,oposição
ca11450eb2f242734de96fc04388dac1,2237825,camara,141470,141470,1,1,Dep. José Guimarães,PT,CE,camara,oposição,Dep. José Guimarães,PT,CE,camara,oposição
d51394bb3a19ddf90e0a97d5505dce33,2253313,camara,204468,204468,1,1,Dep. Joenia Wapichana,REDE,RR,camara,oposição,Dep. Joenia Wapichana,REDE,RR,camara,oposição
d6f2efe0b9a93f4f74332a982a090e09,2221765,camara,204393,204393,1,1,Dep. Frei Anastacio Ribeiro,PT,PB,camara,oposição,Dep. Frei Anastacio Ribeiro,PT,PB,camara,oposição
d6f2efe0b9a93f4f74332a982a090e09,2221765,camara,73531,73531,1,1,Dep. Ivan Valente,PSOL,SP,camara,oposição,Dep. Ivan Valente,PSOL,SP,camara,oposição
d86aa2eb6e79f844c0e3b9719c75a062,2205479,camara,204488,204488,1,1,Dep. Célio Studart,PV,CE,camara,governo,Dep. Célio Studart,PV,CE,camara,governo
de1feaba6ef76577fb80a7cbc7aa452f,2266284,camara,204530,204530,1,1,Dep. Rodrigo Agostinho,PSB,SP,camara,oposição,Dep. Rodrigo Agostinho,PSB,SP,camara,oposição
e4aad2327720ccbf7c8250365a1b16ff,2256399,camara,141391,141422,0.2,1,Dep. Arnaldo Jardim,CIDADANIA,SP,camara,governo,Dep. Efraim Filho,DEM,NA,camara,governo
e4aad2327720ccbf7c8250365a1b16ff,2256399,camara,141391,160541,0.2,1,Dep. Arnaldo Jardim,CIDADANIA,SP,camara,governo,Dep. Arthur Lira,PP,AL,camara,governo
e4aad2327720ccbf7c8250365a1b16ff,2256399,camara,141391,204395,0.2,1,Dep. Arnaldo Jardim,CIDADANIA,SP,camara,governo,Dep. Pedro Lupion,DEM,PR,camara,governo
e4aad2327720ccbf7c8250365a1b16ff,2256399,camara,141391,204398,0.2,1,Dep. Arnaldo Jardim,CIDADANIA,SP,camara,governo,Dep. Felipe Francischini,PSL,PR,camara,governo
e4aad2327720ccbf7c8250365a1b16ff,2256399,camara,141422,160541,0.2,1,Dep. Efraim Filho,DEM,NA,camara,governo,Dep. Arthur Lira,PP,AL,camara,governo
e4aad2327720ccbf7c8250365a1b16ff,2256399,camara,141422,204395,0.2,1,Dep. Efraim Filho,DEM,NA,camara,governo,Dep. Pedro Lupion,DEM,PR,camara,governo
e4aad2327720ccbf7c8250365a1b16ff,2256399,camara,141422,204398,0.2,1,Dep. Efraim Filho,DEM,NA,camara,governo,Dep. Felipe Francischini,PSL,PR,camara,governo
e4aad2327720ccbf7c8250365a1b16ff,2256399,camara,160541,204395,0.2,1,Dep. Arthur Lira,PP,AL,camara,governo,Dep. Pedro Lupion,DEM,PR,camara,governo
e4aad2327720ccbf7c8250365a1b16ff,2256399,camara,160541,204398,0.2,1,Dep. Arthur Lira,PP,AL,camara,governo,Dep. Felipe Francischini,PSL,PR,camara,governo
e4aad2327720ccbf7c8250365a1b16ff,2256399,camara,162332,162332,1,1,Dep. Luiz Nishimori,PL,PR,camara,governo,Dep. Luiz Nishimori,PL,PR,camara,governo
e4aad2327720ccbf7c8250365a1b16ff,2256399,camara,204395,204398,0.2,1,Dep. Pedro Lupion,DEM,PR,camara,governo,Dep. Felipe Francischini,PSL,PR,camara,governo
e78aab05a10d710886691c8ff19f81e4,2250702,camara,204555,204555,1,1,Dep. José Ricardo,PT,AM,camara,oposição,Dep. José Ricardo,PT,AM,camara,oposição
ea2f2a742e6a30b9ef3476eb883cee96,2231711,camara,204495,204495,1,1,Dep. Airton Faleiro,PT,PA,camara,oposição,Dep. Airton Faleiro,PT,PA,camara,oposição
ec5b4e053246060881812586d25755ad,2205527,camara,141508,141508,2,2,Dep. Mauro Nazif,PSB,RO,camara,oposição,Dep. Mauro Nazif,PSB,RO,camara,oposição
eeb1b31085f6cb74ccf98f08691864e5,2263378,camara,178986,178986,1,1,Dep. Nilto Tatto,PT,SP,camara,oposição,Dep. Nilto Tatto,PT,SP,camara,oposição
f02ad43ae0a52cbb1ee67d53495d6ca9,2263619,camara,178986,178986,1,1,Dep. Nilto Tatto,PT,SP,camara,oposição,Dep. Nilto Tatto,PT,SP,camara,oposição
f384236c5aaab0662af3fa08076c3069,2263735,camara,133439,133439,1,1,Dep. André Figueiredo,PDT,CE,camara,oposição,Dep. André Figueiredo,PDT,CE,camara,oposição
f5c69f40da5fbc0034542cd58d106732,2266103,camara,160511,160511,1,1,Dep. Alessandro Molon,PSB,RJ,camara,oposição,Dep. Alessandro Molon,PSB,RJ,camara,oposição
f9ac0741cab86990c55e18dc7e39b779,2263461,camara,73943,74057,0.3333333333333333,1,Dep. Perpétua Almeida,PCdoB,AC,camara,oposição,Dep. Alice Portugal,PCdoB,BA,camara,oposição
f9ac0741cab86990c55e18dc7e39b779,2263461,camara,73943,74848,0.8333333333333333,2,Dep. Perpétua Almeida,PCdoB,AC,camara,oposição,Dep. Jandira Feghali,PCdoB,RJ,camara,oposição
f9ac0741cab86990c55e18dc7e39b779,2263461,camara,74057,74848,0.8333333333333333,2,Dep. Alice Portugal,PCdoB,BA,camara,oposição,Dep. Jandira Feghali,PCdoB,RJ,camara,oposição
fe86593bbebdfc98a2af57e3b243b334,2231622,camara,204567,204567,1,1,Dep. Raimundo Costa,PL,BA,camara,governo,Dep. Raimundo Costa,PL,BA,camara,governo
